0,1,2,3,4,5
2738735,0.4803766932000214,5,2019-04-27,False,True
2738739,0.0,5,2019-04-27,False,True
2738740,0.1850767130825804,5,2019-04-27,False,True
2740879,0.12133953818864555,4,2019-04-28,True,True
2740882,0.08520457423419675,5,2019-04-28,True,True
2740887,0.04705301301317127,5,2019-04-28,True,True
2740886,0.7598821899810224,5,2019-04-28,True,True
2740885,0.035543615343808045,5,2019-04-28,True,True
2740906,0.058729081847064504,5,2019-04-28,True,True
2740905,0.04123688905145915,5,2019-04-28,True,True
2743107,,5,2019-05-01,False,False
2743108,,5,2019-05-01,False,False
2743106,,5,2019-05-01,False,False
2743111,,5,2019-05-01,False,False
2743110,,5,2019-05-01,False,False
2744172,0.08423229554262546,5,2019-05-02,False,True
2744174,0.0644818584645398,5,2019-05-02,False,True
2744173,0.10438235339836668,5,2019-05-02,False,True
2744177,1.0323704964649962,5,2019-05-02,False,True
2744178,0.09762881870688882,5,2019-05-02,False,True
2746105,0.0,5,2019-05-04,False,True
2746106,1.0453802293967063,5,2019-05-04,False,True
2748123,0.14908732251746945,5,2019-05-05,True,True
2748127,0.09885173277742883,5,2019-05-05,True,True
2748130,0.12049671781905487,3,2019-05-05,True,True
2748128,0.08675685742805203,5,2019-05-05,True,True
2748131,0.16997448704793217,5,2019-05-05,True,True
2748129,0.19341358871531888,5,2019-05-05,True,True
2748149,0.0,5,2019-05-05,True,True
2748148,0.1477814351858573,5,2019-05-05,True,True
2762896,0.5184039787456611,4,2019-05-11,False,True
2762898,2.7867051214228526,5,2019-05-11,False,True
2762915,0.0,2,2019-05-12,True,True
2762918,0.0,5,2019-05-12,True,True
2762921,0.0,5,2019-05-12,True,True
2762920,0.012382612694099241,4,2019-05-12,True,True
2762922,0.029600390542865018,5,2019-05-12,True,True
2762933,0.035694391351891286,5,2019-05-12,True,True
2762932,1.125636383838386,5,2019-05-12,True,True
2762931,0.05435792065513751,5,2019-05-12,True,True
2769657,0.14882450479367576,5,2019-05-18,False,True
2769659,0.0,4,2019-05-18,False,True
2769660,1.1596600359851408,5,2019-05-18,False,True
2769665,,5,2019-05-19,True,False
2769671,,5,2019-05-19,True,False
2769669,,5,2019-05-19,True,False
2769670,,2,2019-05-19,True,False
2769668,,5,2019-05-19,True,False
2769689,,5,2019-05-19,True,False
2769690,,5,2019-05-19,True,False
2774664,0.0,5,2019-05-25,False,True
2776377,1.2959209469365949,5,2019-05-25,False,True
2776379,0.6453542880595254,5,2019-05-26,True,True
2776378,0.37338109345950676,5,2019-05-26,True,True
2776398,0.000645581079173952,5,2019-05-26,True,True
2774666,0.0,5,2019-05-26,True,True
2776397,0.013005278750119236,5,2019-05-26,True,True
2774663,0.0,1,2019-05-26,True,True
2777281,0.0,4,2019-05-27,False,True
2777282,1.1272460237345259,5,2019-05-27,False,True
2782628,1.5594607260540765,5,2019-06-01,False,True
2782629,0.0,4,2019-06-01,False,True
2784078,,5,2019-06-02,True,False
2784082,,5,2019-06-02,True,False
2784079,,4,2019-06-02,True,False
2784080,,5,2019-06-02,True,False
2784095,,5,2019-06-02,True,False
2784081,,5,2019-06-02,True,False
2784094,,5,2019-06-02,True,False
2790514,0.3737950658677412,5,2019-06-08,False,True
2791672,0.923545249342322,5,2019-06-08,False,True
2790513,0.0,5,2019-06-08,False,True
2790510,0.0,4,2019-06-08,False,True
2791670,,5,2019-06-09,False,False
2791673,,5,2019-06-09,False,False
2790515,,5,2019-06-09,False,False
2790511,,5,2019-06-09,False,False
2795195,0.2938743675430532,5,2019-06-13,True,True
2795198,0.0,5,2019-06-13,True,True
2795196,0.0933674387029285,5,2019-06-13,True,True
2795197,0.0,5,2019-06-13,True,True
2795199,0.1484428798839882,4,2019-06-13,True,True
2795200,0.0,4,2019-06-13,True,True
2795202,0.0,5,2019-06-13,True,True
2795203,0.1143182069722469,5,2019-06-13,True,True
2795201,0.0,5,2019-06-13,True,True
2823108,0.3310376623221627,5,2019-07-13,False,True
2823105,0.0,5,2019-07-13,False,True
2823107,1.3772350893498961,5,2019-07-13,False,True
2823106,0.3785051456976205,5,2019-07-13,False,True
2823109,0.7189061634501852,5,2019-07-14,False,True
2823112,0.26547524511606685,5,2019-07-14,False,True
2823111,0.0,5,2019-07-14,False,True
2823110,0.0,4,2019-07-14,False,True
2823113,0.0,5,2019-07-14,False,True
2832536,0.0,5,2019-07-20,False,True
2832543,0.47539288063001595,5,2019-07-20,False,True
2832545,0.0,5,2019-07-20,False,True
2832546,0.04835500689692026,5,2019-07-20,False,True
2832544,0.0,5,2019-07-20,False,True
2833635,0.0,5,2019-07-21,False,True
2833638,0.0,5,2019-07-21,False,True
2833639,0.0,4,2019-07-21,False,True
2833642,0.45117278821420637,5,2019-07-21,False,True
2839497,,5,2019-07-27,False,False
2839500,,5,2019-07-27,False,False
2839501,,5,2019-07-27,False,False
2839499,,5,2019-07-27,False,False
2841128,1.0291335942917776,5,2019-07-28,False,True
2841133,0.0002853165009424109,5,2019-07-28,False,True
2841132,0.00016891965734017626,5,2019-07-28,False,True
2841135,0.0005359446416217141,5,2019-07-28,False,True
2841136,0.0002746947099549186,5,2019-07-28,False,True
2851290,1.0453879507504091,5,2019-08-03,False,True
2851291,1.0157795484923646,5,2019-08-03,False,True
2852528,0.8364520568671228,5,2019-08-04,False,True
2853375,0.018834711933818134,5,2019-08-04,False,True
2852533,0.06510891505010023,5,2019-08-04,False,True
2852539,0.0314567378891666,5,2019-08-04,False,True
2852540,0.030325118553836867,5,2019-08-04,False,True
2852541,0.04839324951287348,5,2019-08-04,False,True
2858601,0.3885065154160574,5,2019-08-10,False,True
2858603,0.5857891546925527,5,2019-08-10,False,True
2858605,0.0,5,2019-08-10,False,True
2860191,0.0,5,2019-08-11,False,True
2860198,0.0,4,2019-08-11,False,True
2860201,0.12224909350534158,5,2019-08-11,False,True
2860200,0.0,5,2019-08-11,False,True
2860199,0.3888303835933109,5,2019-08-11,False,True
2860209,0.2821922957234697,5,2019-08-11,False,True
2866783,0.0,5,2019-08-17,False,True
2866782,0.0,5,2019-08-17,False,True
2868162,0.48637354360147705,5,2019-08-17,False,True
2866785,0.3626550270339199,5,2019-08-17,False,True
2868471,,5,2019-08-18,True,False
2869496,,5,2019-08-18,True,False
2868479,,5,2019-08-18,True,False
2868481,,5,2019-08-18,True,False
2868480,,5,2019-08-18,True,False
2868484,,4,2019-08-18,True,False
2875730,0.6358397745090026,5,2019-08-24,False,True
2875743,0.4992830865678029,5,2019-08-24,False,True
2877366,0.22295661884174828,5,2019-08-25,False,True
2877364,0.23241752699090917,5,2019-08-25,False,True
2877365,0.0,5,2019-08-25,False,True
2877372,0.3999100901006667,5,2019-08-25,False,True
2877371,0.17640264810888764,5,2019-08-25,False,True
2877373,0.0,5,2019-08-25,False,True
2884281,,5,2019-08-31,False,False
2884286,,5,2019-08-31,False,False
2884289,,5,2019-08-31,False,False
2884288,,5,2019-08-31,False,False
2885985,0.3071558044863624,5,2019-09-01,False,True
2885997,0.554095274709848,5,2019-09-01,False,True
2885996,0.21591130633088332,5,2019-09-01,False,True
2886002,0.0,5,2019-09-01,False,True
2886001,0.21773111845452547,5,2019-09-01,False,True
2892749,,5,2019-09-07,True,False
2892750,,5,2019-09-07,True,False
2892753,,5,2019-09-07,True,False
2892752,,5,2019-09-07,True,False
2892754,,5,2019-09-07,True,False
2894181,0.3926584719502825,5,2019-09-08,False,True
2894184,0.23926331115427402,4,2019-09-08,False,True
2894186,0.4240029673341521,5,2019-09-08,False,True
2894185,0.0,5,2019-09-08,False,True
2894187,0.4334990179368383,5,2019-09-08,False,True
2900582,0.0,5,2019-09-14,False,True
2900600,0.9007641109630178,5,2019-09-14,False,True
2900602,0.0,5,2019-09-14,False,True
2902650,0.00015136502616118093,5,2019-09-15,True,True
2902657,0.990301790205588,5,2019-09-15,True,True
2902652,1.0043249482756709e-22,4,2019-09-15,True,True
2902656,0.0,5,2019-09-15,True,True
2902655,0.0,5,2019-09-15,True,True
2902654,0.006614322073374482,5,2019-09-15,True,True
2902663,0.010415488975936754,5,2019-09-15,True,True
2911344,0.9150019372314401,5,2019-09-21,False,True
2911349,0.12302762505818797,5,2019-09-21,False,True
2911353,0.2216763808136475,5,2019-09-21,False,True
2913461,,5,2019-09-22,False,False
2913467,,5,2019-09-22,False,False
2913473,,5,2019-09-22,False,False
2913471,,5,2019-09-22,False,False
2913472,,5,2019-09-22,False,False
2913479,,5,2019-09-22,False,False
2917296,0.0,5,2019-09-26,False,True
2917294,0.3609311354386334,5,2019-09-26,False,True
2917293,0.21140764972897766,5,2019-09-26,False,True
2918570,0.18830123707305382,5,2019-09-26,False,True
2917295,0.0,4,2019-09-26,False,True
2917292,0.613480716050625,5,2019-09-26,False,True
2924264,0.0013612265135275765,5,2019-09-29,True,True
2924268,0.0,5,2019-09-29,True,True
2924266,3.316443348127733e-27,5,2019-09-29,True,True
2924267,0.02527135234313332,5,2019-09-29,True,True
2924278,0.9786764525102035,5,2019-09-29,True,True
2924276,0.0,5,2019-09-29,True,True
2925721,0.7377949122726375,5,2019-09-30,False,True
2925720,0.6974544308435511,5,2019-09-30,False,True
2924277,0.0,5,2019-09-30,False,True
2928271,,5,2019-10-02,False,False
2929300,,5,2019-10-02,False,False
2932126,0.0,5,2019-10-05,False,True
2932127,0.13576208316137228,5,2019-10-05,False,True
2932130,0.05597648533528185,5,2019-10-05,False,True
2932129,0.7905521691601375,5,2019-10-05,False,True
2932114,0.0,3,2019-10-06,False,True
2934357,0.15470378918965566,5,2019-10-06,False,True
2934363,0.0,5,2019-10-06,False,True
2934361,0.7657831353290439,4,2019-10-06,False,True
2934362,0.0,5,2019-10-06,False,True
2934377,0.06835184403197955,5,2019-10-06,False,True
2938255,0.016389128303807725,4,2019-10-09,False,True
2938256,1.0667699377427717,5,2019-10-09,False,True
2938257,0.0,5,2019-10-09,False,True
2939249,0.0,4,2019-10-10,True,True
2939248,0.0,5,2019-10-10,True,True
2939250,0.23205768726776752,5,2019-10-10,True,True
2939251,0.8317477946610534,5,2019-10-10,True,True
2939253,0.0,5,2019-10-10,True,True
2939252,0.08416644690387437,4,2019-10-10,True,True
2939254,0.22204442306915004,5,2019-10-10,True,True
2941769,0.5433524437523392,5,2019-10-12,False,True
2941770,0.8188329724696173,5,2019-10-12,False,True
2943952,0.016182453695859786,5,2019-10-13,True,True
2943957,0.00046484729565068276,5,2019-10-13,True,True
2943955,1.0057064605152926,5,2019-10-13,True,True
2943954,0.0,3,2019-10-13,True,True
2943956,0.0018962671768910189,5,2019-10-13,True,True
2943958,0.0,5,2019-10-13,True,True
2943959,2.2676772301344875e-27,5,2019-10-13,True,True
2943960,0.0023997042600589174,5,2019-10-13,True,True
2947701,0.784660646637096,5,2019-10-16,False,True
2947700,0.2892552163537616,5,2019-10-16,False,True
2947702,0.0,5,2019-10-16,False,True
2948662,0.0,5,2019-10-17,False,True
2948663,0.35104146209667564,5,2019-10-17,False,True
2948667,0.17511920123609312,5,2019-10-17,False,True
2948666,0.0,5,2019-10-17,False,True
2948669,0.16828509041182016,5,2019-10-17,False,True
2948664,0.0,5,2019-10-17,False,True
2950803,,4,2019-10-19,False,False
2950806,,5,2019-10-19,False,False
2953558,,5,2019-10-20,True,False
2953557,,5,2019-10-20,True,False
2953559,,5,2019-10-20,True,False
2953561,,5,2019-10-20,True,False
2953564,,5,2019-10-20,True,False
2953563,,5,2019-10-20,True,False
2950807,1.098880302741559,5,2019-10-21,False,True
2954906,1.0626968591488128,5,2019-10-21,False,True
2961961,0.0,4,2019-10-26,False,True
2961962,0.0,5,2019-10-26,False,True
2961965,0.5946543146907143,4,2019-10-26,False,True
2963961,0.0,5,2019-10-26,False,True
2964066,,5,2019-10-27,True,False
2964071,,5,2019-10-27,True,False
2964069,,5,2019-10-27,True,False
2964070,,5,2019-10-27,True,False
2964073,,5,2019-10-27,True,False
2961964,,5,2019-10-27,True,False
2968022,0.0002822944769596553,5,2019-10-30,False,True
2968024,1.0091105086666022e-05,4,2019-10-30,False,True
2968023,1.030458704309935,5,2019-10-30,False,True
2969204,0.4892409383344626,4,2019-10-31,False,True
2969207,0.41148774020014367,5,2019-10-31,False,True
2969206,0.4359461694829105,4,2019-10-31,False,True
2969210,0.0,5,2019-10-31,False,True
2969211,0.5589727761797355,5,2019-10-31,False,True
2970332,0.0,5,2019-11-01,False,True
2970331,0.0,5,2019-11-01,False,True
2971944,0.0,4,2019-11-02,False,True
2971948,0.07951894234125115,5,2019-11-02,False,True
2971947,0.9265959795272796,5,2019-11-02,False,True
2974330,0.018201428643334763,5,2019-11-03,False,True
2974333,0.03751142302979771,5,2019-11-03,False,True
2974336,0.9701182111191552,5,2019-11-03,False,True
2974335,0.05019047683644816,4,2019-11-03,False,True
2974339,0.0,4,2019-11-03,False,True
2974340,0.03068931076733148,5,2019-11-03,False,True
2974341,0.0,4,2019-11-03,False,True
2977924,1.012094870176038,5,2019-11-06,False,True
2977923,0.0017910547567676596,5,2019-11-06,False,True
2977925,0.002674112285085573,5,2019-11-07,True,True
2977928,0.0,4,2019-11-07,True,True
2977927,0.0018906551472874919,5,2019-11-07,True,True
2977926,0.0015951132860863213,5,2019-11-07,True,True
2979269,0.1510590006930412,5,2019-11-07,True,True
2979270,0.4960797287527702,5,2019-11-07,True,True
2979271,1.1083378991448773,5,2019-11-07,True,True
2981424,0.9584606352428668,5,2019-11-09,False,True
2981426,0.0,5,2019-11-09,False,True
2983652,0.0,5,2019-11-10,True,True
2983651,0.0,5,2019-11-10,True,True
2983653,0.46526361103387853,5,2019-11-10,True,True
2983655,0.7879111815621506,5,2019-11-10,True,True
2983657,0.0,5,2019-11-10,True,True
2983658,0.25214696446740065,5,2019-11-10,True,True
2983656,0.0,5,2019-11-10,True,True
2991097,0.47622756971326397,5,2019-11-16,False,True
2991098,0.0,5,2019-11-16,False,True
2992795,0.21496915784690124,5,2019-11-17,False,True
2992793,0.09123848292275784,5,2019-11-17,False,True
2992794,0.2709860231688369,5,2019-11-17,False,True
2992797,0.0,5,2019-11-17,False,True
2992796,0.0,4,2019-11-17,False,True
2992792,0.8684615353542959,5,2019-11-17,False,True
2994602,0.49699810690311,5,2019-11-18,False,True
2994603,0.7250884809013062,5,2019-11-18,False,True
3002511,0.2663156534188605,5,2019-11-24,True,True
3002515,0.2956637972045634,5,2019-11-24,True,True
3002513,0.15323153728905137,3,2019-11-24,True,True
3002517,0.0,4,2019-11-24,True,True
3002514,0.17122252777854863,5,2019-11-24,True,True
3002518,0.3871540676768547,5,2019-11-24,True,True
3002519,0.0,5,2019-11-24,True,True
3002520,0.38601756629222395,5,2019-11-24,True,True
3006664,0.13622467807631605,5,2019-11-27,False,True
3006665,0.5943785653981801,5,2019-11-27,False,True
3007956,0.0,4,2019-11-28,True,True
3007957,0.17903402718917114,4,2019-11-28,True,True
3007959,0.15806444073009362,5,2019-11-28,True,True
3007958,0.09662272454492507,5,2019-11-28,True,True
3007960,1.039283318277581,5,2019-11-28,True,True
3007962,0.10260604573387191,4,2019-11-28,True,True
3007961,0.23984221434263947,5,2019-11-28,True,True
3010528,0.9279672293179407,5,2019-11-30,False,True
3010529,0.0,5,2019-11-30,False,True
3013364,0.17850723174461838,5,2019-12-01,True,True
3013359,0.12341409613643244,5,2019-12-01,True,True
3013360,0.33874120386798573,5,2019-12-01,True,True
3013363,0.0,5,2019-12-01,True,True
3013362,0.1377431867940548,5,2019-12-01,True,True
3013366,0.0,5,2019-12-01,True,True
3013365,0.0,5,2019-12-01,True,True
3017441,0.48898426836756237,5,2019-12-04,False,True
3017446,0.28083823865849883,5,2019-12-04,False,True
3017445,0.5860489260549346,5,2019-12-04,False,True
3017439,0.10296220181995618,4,2019-12-05,True,True
3017438,0.19990270970001528,5,2019-12-05,True,True
3017443,0.10229316869278073,4,2019-12-05,True,True
3017440,0.0,5,2019-12-05,True,True
3017447,0.1606124553460953,5,2019-12-05,True,True
3017444,0.0,5,2019-12-05,True,True
3017442,0.3557815631963853,5,2019-12-05,True,True
3022754,0.08893003606881411,5,2019-12-08,True,True
3022755,0.08366528973778972,5,2019-12-08,True,True
3022758,0.04616955300502578,5,2019-12-08,True,True
3022760,0.0,4,2019-12-08,True,True
3022762,0.04905702790316424,5,2019-12-08,True,True
3022759,0.0647244857255517,4,2019-12-08,True,True
3022753,0.6350484422220493,5,2019-12-08,True,True
3022761,0.0,5,2019-12-08,True,True
3022757,0.07893725864254314,5,2019-12-08,True,True
3022756,0.05909797443492289,5,2019-12-08,True,True
4698245,0.5722401983035519,5,2020-08-08,False,True
4698244,0.0,5,2020-08-08,False,True
4698243,0.0004096912819789028,5,2020-08-09,False,True
4698237,1.0068159600368916,5,2020-08-09,False,True
4698240,0.0030504742134708357,5,2020-08-09,False,True
4698242,0.0,5,2020-08-09,False,True
4698254,0.0561027017892777,5,2020-08-12,True,True
4698251,0.0006354849451575913,5,2020-08-12,True,True
4698250,0.001315569399103963,5,2020-08-12,True,True
4698256,4.278895852993015,5,2020-08-12,True,True
4698253,0.0015246555004232503,4,2020-08-12,True,True
4698255,0.11894091477525547,5,2020-08-13,False,True
4698247,0.5697765599962101,5,2020-08-13,False,True
4698249,0.0,5,2020-08-13,False,True
4698252,0.0,3,2020-08-13,False,True
4698248,0.21273737124631856,5,2020-08-13,False,True
4698262,0.4658426273166274,5,2020-08-15,False,True
4698264,0.42079126445475534,5,2020-08-15,False,True
4698259,0.0,5,2020-08-16,True,True
4698261,0.0,5,2020-08-16,True,True
4698263,0.1360823640000789,5,2020-08-16,True,True
4698258,0.38969603064513647,5,2020-08-16,True,True
4698257,0.12856991033563991,5,2020-08-16,True,True
4698266,0.0,2,2020-08-16,True,True
4698265,0.5200742654207566,5,2020-08-16,True,True
4698260,0.0,3,2020-08-16,True,True
4698267,0.0,5,2020-08-19,False,True
4698270,0.09790405579762049,5,2020-08-19,False,True
4698274,0.4911102708823231,5,2020-08-19,False,True
4698276,0.11582331861866299,5,2020-08-19,False,True
4698272,0.13184417985988428,5,2020-08-19,False,True
4698268,0.00018183938713443035,5,2020-08-20,False,True
4698271,0.010532980667486211,5,2020-08-20,False,True
4698273,0.8098714816176754,5,2020-08-20,False,True
4698275,0.00029414841825393137,5,2020-08-20,False,True
4698269,0.1919061693275292,5,2020-08-20,False,True
4698284,0.8946982567757776,5,2020-08-22,False,True
4698282,0.0,5,2020-08-22,False,True
4698286,0.0,5,2020-08-23,True,True
4698277,0.07798575570375361,5,2020-08-23,True,True
4698279,0.06515050600504411,5,2020-08-23,True,True
4698280,0.17139243992761743,5,2020-08-23,True,True
4698278,0.6396926378878468,5,2020-08-23,True,True
4698283,0.0,5,2020-08-23,True,True
4698285,0.0,5,2020-08-23,True,True
4698288,0.0,5,2020-08-29,False,True
4698293,0.4151898867448451,5,2020-08-29,False,True
4698287,0.9490377633078919,5,2020-08-29,False,True
4698295,0.17252440329310717,3,2020-08-30,False,True
4698289,0.0,5,2020-08-30,False,True
4698294,0.0,2,2020-08-30,False,True
4698290,0.0,5,2020-08-30,False,True
4698296,0.0,4,2020-08-30,False,True
4698305,0.0,5,2020-09-02,False,True
4698297,0.45088009241245924,5,2020-09-02,False,True
4698306,0.2934070951152453,4,2020-09-02,False,True
4698304,0.0,4,2020-09-02,False,True
4698303,0.3056400932976914,5,2020-09-02,False,True
4698298,0.0,5,2020-09-02,False,True
4698299,0.9863878333950253,5,2020-09-03,False,True
4698300,0.008871731109674739,5,2020-09-03,False,True
4698302,0.012482750622886233,5,2020-09-03,False,True
4698301,0.0,5,2020-09-03,False,True
4698307,0.35056036529999474,5,2020-09-05,False,True
4698311,0.7690540429218454,5,2020-09-05,False,True
4698315,0.0,5,2020-09-06,True,True
4698310,0.07481457186726531,5,2020-09-06,True,True
4698312,0.23213047626511588,5,2020-09-06,True,True
4698309,0.10067728628929701,5,2020-09-06,True,True
4698308,0.0,5,2020-09-06,True,True
4698316,0.07747526491510584,5,2020-09-06,True,True
4698314,0.3624280691936887,5,2020-09-06,True,True
4698313,0.06688293546498064,5,2020-09-06,True,True
4698324,0.1881489978011017,5,2020-09-09,False,True
4698325,0.0,4,2020-09-09,False,True
4698326,0.4661743470493692,4,2020-09-09,False,True
4698319,0.42001758152343327,5,2020-09-09,False,True
4698317,0.2709578796138352,5,2020-09-10,False,True
4698320,0.37992514020733764,5,2020-09-10,False,True
4698323,0.21888203727208802,5,2020-09-10,False,True
4698321,0.17268266117900777,5,2020-09-10,False,True
4698322,0.22146292998188305,5,2020-09-10,False,True
4698334,0.001416042993121396,5,2020-09-12,False,True
4698330,1.572732433489104,5,2020-09-12,False,True
4698327,,4,2020-09-13,True,False
4698332,,5,2020-09-13,True,False
4698331,,5,2020-09-13,True,False
4698333,,5,2020-09-13,True,False
4698335,,5,2020-09-13,True,False
4698336,,5,2020-09-13,True,False
4698329,,5,2020-09-13,True,False
4698328,,5,2020-09-13,True,False
4698345,0.7558571627476711,5,2020-09-19,False,True
4698340,0.379074813452489,5,2020-09-19,False,True
4698346,,5,2020-09-20,True,False
4698344,,5,2020-09-20,True,False
4698342,,5,2020-09-20,True,False
4698338,,5,2020-09-20,True,False
4698343,,5,2020-09-20,True,False
4698354,1.1411416984937237,5,2020-09-26,False,True
4698352,0.0,4,2020-09-26,False,True
4698351,0.02172850797601276,5,2020-09-27,False,True
4698348,0.0,5,2020-09-27,False,True
4698349,0.9703270110673413,5,2020-09-27,False,True
4698356,0.0,5,2020-09-27,False,True
4698355,0.00527309661516673,5,2020-09-27,False,True
4698350,0.0,3,2020-09-27,False,True
4786982,0.863711965515575,5,2020-10-01,False,True
4786983,0.5172432377963032,5,2020-10-01,False,True
4698362,,5,2020-10-03,False,False
4698359,,5,2020-10-03,False,False
4698360,0.2076609869872188,5,2020-10-04,True,True
4698358,0.1313464798328687,5,2020-10-04,True,True
4698364,0.0786660062104074,5,2020-10-04,True,True
4698357,0.05352808123534322,5,2020-10-04,True,True
4698363,0.0,5,2020-10-04,True,True
4698365,0.1166368749070502,3,2020-10-04,True,True
4698366,0.10340497893464262,5,2020-10-04,True,True
4698361,0.40774310151975257,5,2020-10-04,True,True
4698371,0.0,5,2020-10-07,False,True
4698373,0.0,5,2020-10-07,False,True
4698367,0.16855757256222542,5,2020-10-07,False,True
4698372,0.11702552064054964,5,2020-10-07,False,True
4698376,0.18122372781337692,5,2020-10-07,False,True
4698369,0.0,5,2020-10-07,False,True
4698368,0.40599898791464595,5,2020-10-08,False,True
4698375,1.014272263508725,5,2020-10-08,False,True
4698374,0.0,3,2020-10-08,False,True
4698378,0.0,5,2020-10-10,False,True
4698384,2.555808718819231,5,2020-10-10,False,True
4698379,0.0,5,2020-10-10,False,True
4698381,0.6983206806496327,5,2020-10-11,True,True
4698377,0.04819852053822026,4,2020-10-11,True,True
4698380,0.2522496485165911,5,2020-10-11,True,True
4698386,0.03563901903161483,5,2020-10-11,True,True
4698383,0.0,3,2020-10-11,True,True
4698385,0.0,4,2020-10-11,True,True
4698382,0.029660802563493748,5,2020-10-11,True,True
4698389,0.741348895055745,5,2020-10-14,False,True
4893905,0.7999205835404968,5,2020-10-14,False,True
4698390,0.0,5,2020-10-14,False,True
4698394,0.0,5,2020-10-15,False,True
4698391,0.11239656406604777,5,2020-10-15,False,True
4698393,0.246806446859785,5,2020-10-15,False,True
4698387,0.7249130936200993,5,2020-10-15,False,True
4396073,0.0,5,2020-10-17,False,True
4396071,0.0,4,2020-10-17,False,True
4396064,1.0291068180093141,5,2020-10-17,False,True
4396066,0.42546945171834694,5,2020-10-18,False,True
4396068,0.3230681561550335,5,2020-10-18,False,True
4396069,0.0,5,2020-10-18,False,True
4396072,0.0,5,2020-10-18,False,True
4396067,0.0,4,2020-10-18,False,True
4396070,0.48879069763138144,5,2020-10-19,False,True
4396065,1.0990880319539693,5,2020-10-19,False,True
4396077,0.0,5,2020-10-24,False,True
4396082,0.0,4,2020-10-24,False,True
4396078,0.7541582714989179,5,2020-10-25,False,True
4396083,0.023965224634732905,5,2020-10-25,False,True
4396074,0.07651443386124762,5,2020-10-25,False,True
4396081,0.06462643569926824,5,2020-10-25,False,True
4396079,0.019630121613225207,3,2020-10-25,False,True
4396085,0.9774350388359574,5,2020-10-31,False,True
4396088,0.0,5,2020-10-31,False,True
4396091,0.0,3,2020-10-31,False,True
4396092,0.0,5,2020-11-01,False,True
4396084,0.00033408953499345826,5,2020-11-01,False,True
4396090,0.0,5,2020-11-01,False,True
4396087,0.00023868559306297423,5,2020-11-01,False,True
4396093,1.0339500613712107,5,2020-11-01,False,True
4396086,0.45117335891687893,5,2020-11-02,False,True
4396089,0.0,5,2020-11-02,False,True
4396101,,3,2020-11-07,False,False
4396096,,5,2020-11-07,False,False
4396103,0.0,4,2020-11-08,True,True
4396099,0.5101928664817406,5,2020-11-08,True,True
4396095,0.0,5,2020-11-08,True,True
4396098,0.13202182100932006,5,2020-11-08,True,True
4396100,0.0,4,2020-11-08,True,True
4396097,0.0,4,2020-11-08,True,True
4396102,0.0,4,2020-11-08,True,True
4396094,0.0,5,2020-11-08,True,True
4396107,,5,2020-11-14,False,False
4396110,,5,2020-11-14,False,False
4396113,,5,2020-11-14,False,False
4396108,,5,2020-11-14,False,False
4396112,,5,2020-11-14,False,False
4396109,,3,2020-11-14,False,False
4396104,0.9866808738817399,5,2020-11-15,False,True
4396106,0.0,5,2020-11-15,False,True
4396111,0.337594318666403,4,2020-11-16,False,True
4396105,1.0124705932944131,5,2020-11-16,False,True
4396121,0.0,5,2020-11-21,False,True
4396114,0.0,5,2020-11-21,False,True
4396123,1.343739490832242e-39,5,2020-11-22,False,True
4396122,6.221183202896881e-40,5,2020-11-22,False,True
4396116,1.3536916989456368e-27,5,2020-11-22,False,True
4396115,0.0,4,2020-11-22,False,True
4396119,1.0787601237414133,5,2020-11-22,False,True
4396118,3.371479929311858e-40,5,2020-11-22,False,True
4396128,0.7646579241609194,5,2020-11-26,False,True
4396131,0.0,3,2020-11-26,False,True
4396132,0.45713659966206055,5,2020-11-26,False,True
4396126,0.45543123092529775,5,2020-11-28,False,True
4396127,0.0,5,2020-11-28,False,True
4396130,0.795488607504438,5,2020-11-28,False,True
4943789,0.13041182442442759,5,2020-11-30,False,True
4396125,0.007731984545654541,3,2020-11-30,False,True
4396124,0.930740324099178,5,2020-11-30,False,True
4396142,0.0,4,2020-12-03,False,True
4943793,0.794907042663383,5,2020-12-03,False,True
4396135,0.31413660522129155,5,2020-12-05,False,True
4396137,0.7539740135314742,5,2020-12-05,False,True
4396140,0.0,4,2020-12-05,False,True
4396134,0.16610461163204782,3,2020-12-05,False,True
4396141,0.0,5,2020-12-06,False,True
4396139,0.6305687972182854,5,2020-12-06,False,True
4396136,0.0,5,2020-12-06,False,True
4396138,0.4297760013684444,5,2020-12-06,False,True
4396151,0.9114517111986715,5,2020-12-12,False,True
4396147,0.2607296243870204,5,2020-12-12,False,True
4396149,0.20437760515298942,5,2020-12-12,False,True
4396146,0.2515168164160905,5,2020-12-12,False,True
4396152,0.0,5,2020-12-13,True,True
4396153,0.0,5,2020-12-13,True,True
4396144,0.00018911530628832286,5,2020-12-13,True,True
4396148,0.043817168258892515,5,2020-12-13,True,True
4396150,0.9056123934770629,5,2020-12-13,True,True
4396145,0.06131274795115737,5,2020-12-13,True,True
4396163,0.6300205373703552,4,2020-12-17,False,True
4396156,0.4846026896336874,5,2020-12-17,False,True
4396161,,5,2020-12-20,True,False
4396159,,5,2020-12-20,True,False
4396157,,5,2020-12-20,True,False
4396155,,4,2020-12-20,True,False
4396154,,5,2020-12-20,True,False
4396162,,5,2020-12-20,True,False
4396168,0.4051125470008323,5,2020-12-26,False,True
4396172,0.0,5,2020-12-26,False,True
4396173,0.0,5,2020-12-26,False,True
4396164,0.05595492379621686,5,2020-12-27,True,True
4396170,0.10900765514089977,5,2020-12-27,True,True
4396165,0.1421307699278336,5,2020-12-27,True,True
4396171,0.10992101716570682,5,2020-12-27,True,True
4396166,0.18997360455538687,5,2020-12-27,True,True
4396167,0.2219801392826268,5,2020-12-27,True,True
4396169,0.17614370285815306,5,2020-12-27,True,True
4396175,0.29369789498730575,5,2021-01-06,False,True
4396179,0.39518149346234827,5,2021-01-06,False,True
4396181,0.3113564306445342,5,2021-01-06,False,True
4396180,0.19325560188307894,5,2021-01-06,False,True
4396174,0.8345841231853387,5,2021-01-07,False,True
4396177,0.04425737193709344,5,2021-01-07,False,True
4396182,0.44738999658515854,5,2021-01-07,False,True
4396191,0.0,5,2021-01-09,False,True
4396190,0.6771803418170617,5,2021-01-09,False,True
4396192,0.0,3,2021-01-10,False,True
4396184,0.39038892156726634,5,2021-01-10,False,True
4396186,0.0,5,2021-01-10,False,True
4396193,0.27231997623528004,5,2021-01-10,False,True
4396189,0.17983282591467847,5,2021-01-10,False,True
4396185,0.16359143127101788,5,2021-01-10,False,True
4396196,0.7295698979188473,5,2021-01-16,False,True
4396194,0.3911363294279492,5,2021-01-16,False,True
4396195,0.11744515696358304,5,2021-01-17,False,True
4396201,0.22766872857768705,5,2021-01-17,False,True
4396197,0.2653616642968716,5,2021-01-17,False,True
4396198,0.20396218966071267,5,2021-01-17,False,True
4396202,0.18659122153899463,5,2021-01-17,False,True
4396199,0.1021664353171005,5,2021-01-17,False,True
4396176,0.6108487960085996,5,2021-01-18,False,True
4396203,0.2332551324021084,5,2021-01-18,False,True
4396205,0.3703564712673363,5,2021-01-20,False,True
4396210,0.1981224214671365,5,2021-01-20,False,True
4396209,0.3846081972053235,5,2021-01-20,False,True
4396211,0.12583784595581698,5,2021-01-20,False,True
4396207,0.037880926453140756,5,2021-01-21,False,True
4396206,0.29744389102563645,5,2021-01-21,False,True
4396204,0.5049056880478986,5,2021-01-21,False,True
4396212,0.0,4,2021-01-21,False,True
4396213,0.24723642802002305,5,2021-01-21,False,True
4396215,0.111350184302624,5,2021-01-24,True,True
4396221,0.12958105114130145,5,2021-01-24,True,True
4396222,0.17963496085819067,5,2021-01-24,True,True
4396219,0.08054171660116329,5,2021-01-24,True,True
4396223,0.060687147256008815,5,2021-01-24,True,True
4396217,0.24657208959568502,5,2021-01-24,True,True
4396220,0.11755174466063308,5,2021-01-24,True,True
4396214,0.10779588752621508,5,2021-01-24,True,True
4396178,0.2804344061195995,5,2021-01-26,False,True
5042656,0.7923348168687292,5,2021-01-26,False,True
4396200,0.7186011226636393,5,2021-01-28,False,True
5044175,0.4488030824593997,5,2021-01-28,False,True
4396225,0.16946617246175508,5,2021-01-31,True,True
4396226,0.11157326378831889,5,2021-01-31,True,True
4396227,0.042881214880291715,5,2021-01-31,True,True
4396233,0.16022668868749057,5,2021-01-31,True,True
4396230,0.16470184172895067,5,2021-01-31,True,True
4396229,0.26176584287175353,5,2021-01-31,True,True
4396224,0.03315603114830922,5,2021-01-31,True,True
4396238,0.044149301054246394,5,2021-02-03,False,True
4396240,1.0504922055302193,5,2021-02-03,False,True
4396237,0.48392114346739723,5,2021-02-04,False,True
4396239,0.3573353058713252,5,2021-02-04,False,True
4396234,0.0,5,2021-02-04,False,True
4396235,0.1422572368811416,5,2021-02-04,False,True
4396236,0.0,5,2021-02-05,False,True
4396243,0.5521336349656345,5,2021-02-05,False,True
4396242,0.3782431416416391,5,2021-02-05,False,True
4396247,0.1348490041804733,5,2021-02-07,False,True
4396250,0.9614408572048491,5,2021-02-07,False,True
4396248,0.08869933036266461,5,2021-02-10,False,True
4396246,0.9265316320773452,5,2021-02-10,False,True
4396251,0.29692874232261945,5,2021-02-11,False,True
4396249,0.49199792203744935,5,2021-02-11,False,True
4396253,0.0,5,2021-02-11,False,True
4396257,0.4281561523644719,5,2021-02-13,False,True
4396259,0.1423752733932968,5,2021-02-13,False,True
4396260,0.4821610299328124,5,2021-02-13,False,True
4396263,0.42429182327519077,5,2021-02-14,False,True
4396262,0.0643296265455353,5,2021-02-14,False,True
4396255,0.23366919583753545,5,2021-02-14,False,True
4396261,0.17578500216068352,5,2021-02-14,False,True
4396258,0.0,5,2021-02-14,False,True
4396256,0.967283941254641,5,2021-02-15,False,True
4396254,0.1842895237160338,5,2021-02-15,False,True
4396231,0.5660774025656035,5,2021-02-17,False,True
4396245,0.4609725420382683,5,2021-02-17,False,True
4396241,0.6472311584944664,5,2021-02-20,False,True
4396265,0.4185843147551924,5,2021-02-20,False,True
4396266,0.12805169248970147,5,2021-02-21,True,True
4396269,0.07537156088564495,5,2021-02-21,True,True
4396273,0.18561589096161893,5,2021-02-21,True,True
4396264,0.0975919839613614,5,2021-02-21,True,True
4396268,0.19277487671506877,5,2021-02-21,True,True
4396270,0.1342662751102362,5,2021-02-21,True,True
4396267,0.0,5,2021-02-21,True,True
4396271,0.9703138038586208,5,2021-02-22,False,True
4396272,0.0,5,2021-02-22,False,True
4396275,,5,2021-02-26,True,False
4396283,,5,2021-02-26,True,False
4396278,,5,2021-02-26,True,False
4396276,,5,2021-02-26,True,False
4396274,,5,2021-02-26,True,False
4396282,,5,2021-02-26,True,False
4396277,,5,2021-02-26,True,False
4396279,,5,2021-02-26,True,False
4396280,,5,2021-02-26,True,False
4396281,,5,2021-02-26,True,False
5168206,0.5229251874476705,5,2021-05-29,False,True
5168209,0.25213443067072716,5,2021-05-29,False,True
5168213,0.09872214883776834,5,2021-05-30,True,True
5168212,0.10855548973569752,5,2021-05-30,True,True
5168210,0.038878309585605966,5,2021-05-30,True,True
5168205,0.1977118644754134,5,2021-05-30,True,True
5168208,0.08852810497790121,5,2021-05-30,True,True
5168207,0.10475174711888913,5,2021-05-30,True,True
5168214,0.12205773996195754,5,2021-05-30,True,True
5168211,0.22732729368303461,5,2021-05-30,True,True
5252328,0.12777084128277666,5,2021-06-06,True,True
5252327,0.16804764710991554,5,2021-06-06,True,True
5252329,0.06481787140365747,5,2021-06-06,True,True
5252330,0.09757849321840598,5,2021-06-06,True,True
5252331,0.07160584110242425,5,2021-06-06,True,True
5252332,0.10061090643023911,5,2021-06-06,True,True
5252333,0.17618882175712985,5,2021-06-06,True,True
5252334,0.09710306517191175,5,2021-06-06,True,True
5255654,1.1806475205852631,5,2021-06-12,False,True
5255655,0.0,3,2021-06-12,False,True
5255638,0.0017193652286694215,5,2021-06-13,True,True
5255632,0.0022994577773903222,5,2021-06-13,True,True
5255636,0.001238658004413802,5,2021-06-13,True,True
5255635,0.0018673601416425334,5,2021-06-13,True,True
5255628,0.0,5,2021-06-13,True,True
5255634,0.9462807196213,5,2021-06-13,True,True
5255637,0.011907616770370487,5,2021-06-13,True,True
5255614,0.43802749236001093,5,2021-06-16,False,True
5255613,0.38726178121907723,5,2021-06-16,False,True
5255612,0.23449096553097223,5,2021-06-16,False,True
5255610,0.15388580419558948,5,2021-06-17,False,True
5255604,0.17684361168152715,5,2021-06-17,False,True
5255607,0.20957101597674602,5,2021-06-17,False,True
5255608,0.047264031852999315,5,2021-06-17,False,True
5255611,0.3149810808425886,5,2021-06-17,False,True
5255606,0.0,5,2021-06-17,False,True
5255588,0.24443696949045127,5,2021-06-20,True,True
5255587,0.15433729140302258,5,2021-06-20,True,True
5255586,0.21289201130864677,5,2021-06-20,True,True
5255585,0.14824723614495522,5,2021-06-20,True,True
5255584,0.1816437587518696,5,2021-06-20,True,True
5255579,0.1126052849769199,5,2021-06-20,True,True
5255605,0.0,5,2021-06-20,True,True
5255582,0.0,5,2021-06-20,True,True
5255555,0.10253328733706925,5,2021-06-23,False,True
5255556,0.23637241502959921,5,2021-06-23,False,True
5255557,0.1974751524321344,5,2021-06-23,False,True
5255560,0.4290425413908763,5,2021-06-23,False,True
5255561,0.2964966052339339,5,2021-06-24,False,True
5255562,0.17392482381409152,5,2021-06-24,False,True
5255563,0.1134766753927228,5,2021-06-24,False,True
5255566,0.6109927208712035,5,2021-06-24,False,True
5255559,0.7018517554489894,5,2021-06-25,False,True
5255558,0.2481400607674638,5,2021-06-25,False,True
5255552,0.12272483356474707,5,2021-06-27,True,True
5255550,0.22877146935108164,5,2021-06-27,True,True
5255548,0.11297901396377036,5,2021-06-27,True,True
5255564,0.0,5,2021-06-27,True,True
5255553,0.239480229567072,5,2021-06-27,True,True
5255530,0.0673920046363955,5,2021-06-27,True,True
5255549,0.15138132315192437,5,2021-06-27,True,True
5255551,0.09374301343360518,5,2021-06-27,True,True
5255531,0.01999929505273014,5,2021-06-27,True,True
5255512,0.12342816433146447,5,2021-06-30,False,True
5255510,0.391980567081764,5,2021-06-30,False,True
5255514,0.33177318149313706,5,2021-06-30,False,True
5255513,0.2474291135766435,5,2021-06-30,False,True
5255511,0.0,5,2021-06-30,False,True
5255504,0.07625441189641739,5,2021-07-01,False,True
5255508,0.0,5,2021-07-01,False,True
5255507,0.1416215458372971,5,2021-07-01,False,True
5255506,0.2157444952993029,5,2021-07-01,False,True
5255505,0.22105329361090562,5,2021-07-01,False,True
5255488,0.5403415899580164,5,2021-07-03,False,True
5255515,0.5183062296507008,5,2021-07-03,False,True
5255509,0.0035602592664156015,5,2021-07-04,True,True
5255489,0.007381016429852832,5,2021-07-04,True,True
5255485,0.0036491863497494633,5,2021-07-04,True,True
5255487,0.004215544167768125,5,2021-07-04,True,True
5255486,0.005592318481840985,5,2021-07-04,True,True
5255483,0.0021911154678020024,5,2021-07-04,True,True
5255480,0.9959960169858467,5,2021-07-04,True,True
5255484,0.006895608838368046,5,2021-07-04,True,True
5255458,0.11711836822240064,5,2021-07-07,False,True
5255464,0.08466517468162563,5,2021-07-07,False,True
5255460,0.21818876452408875,5,2021-07-07,False,True
5255459,0.2589403225834814,5,2021-07-07,False,True
5255466,0.1561678987775336,5,2021-07-07,False,True
5255457,0.15769016187585214,5,2021-07-07,False,True
5255463,0.24882510031242588,5,2021-07-08,False,True
5255462,0.5457185099569812,5,2021-07-08,False,True
5255477,0.15351793758780297,5,2021-07-10,False,True
5255440,0.1938472249834569,5,2021-07-10,False,True
5255461,0.20448204523282587,5,2021-07-10,False,True
5255467,0.08427768893244988,5,2021-07-10,False,True
5255437,0.21752375430979562,5,2021-07-10,False,True
5255439,0.08803175068221632,5,2021-07-10,False,True
5255441,0.1826658958769523,5,2021-07-11,False,True
5255469,0.18080167000652966,5,2021-07-11,False,True
5255474,0.48301341891481747,5,2021-07-11,False,True
5255478,0.23139607280956784,5,2021-07-11,False,True
5255413,0.00448449228191357,5,2021-07-17,False,True
5255418,1.0253362700941244,5,2021-07-17,False,True
5255415,0.011765841760316679,5,2021-07-17,False,True
5255416,0.11064348582582519,5,2021-07-18,True,True
5255414,0.23188345391568865,5,2021-07-18,True,True
5255407,0.04313807125830852,5,2021-07-18,True,True
5255408,0.4884531779020098,5,2021-07-18,True,True
5255417,0.1507639409856325,5,2021-07-18,True,True
5255409,0.015888849144823403,5,2021-07-18,True,True
5255389,0.5555311756574774,5,2021-07-24,False,True
5255391,0.5189950125405325,5,2021-07-24,False,True
5255385,0.2177453077435483,5,2021-07-25,False,True
5255387,0.20138241440387336,5,2021-07-25,False,True
5255388,0.0,3,2021-07-25,False,True
5255384,0.1750206641824181,5,2021-07-25,False,True
5255392,0.28027708153953557,5,2021-07-25,False,True
5255393,0.04194161672976332,5,2021-07-25,False,True
5255390,0.4283595700198337,5,2021-07-26,False,True
5255386,0.615112681055188,5,2021-07-26,False,True
5255360,0.0,5,2021-07-31,False,True
5255370,0.2151673138285934,5,2021-07-31,False,True
5255366,0.4084590377358086,5,2021-08-01,True,True
5255368,0.15705798159989662,5,2021-08-01,True,True
5255359,0.10459460990486964,5,2021-08-01,True,True
5255367,0.12082321503221331,5,2021-08-01,True,True
5255364,0.10244275310446568,5,2021-08-01,True,True
5255361,0.07940110503881347,5,2021-08-01,True,True
5255365,0.08408866815933459,5,2021-08-01,True,True
5255343,0.09119228243235211,5,2021-08-08,True,True
5255319,0.14607410013300035,5,2021-08-08,True,True
5255340,0.20425221724600717,5,2021-08-08,True,True
5255320,0.11183012053454168,5,2021-08-08,True,True
5255318,0.025060137973343076,5,2021-08-08,True,True
5255344,0.07765733376892074,5,2021-08-08,True,True
5255321,0.2617704115916263,5,2021-08-08,True,True
5255291,0.0,5,2021-08-14,False,True
5255289,0.9308707513185764,5,2021-08-14,False,True
5255298,0.011096798782061592,5,2021-08-15,True,True
5255293,0.2035287015063783,5,2021-08-15,True,True
5255295,0.2313517954415833,5,2021-08-15,True,True
5255290,0.25419927505066847,5,2021-08-15,True,True
5255294,0.14217655797853562,5,2021-08-15,True,True
5255296,0.0,4,2021-08-15,True,True
5255297,0.20791366285595442,5,2021-08-15,True,True
5255276,0.45368841643153307,5,2021-08-21,False,True
5255270,0.6314667192758024,5,2021-08-21,False,True
5255265,0.00850123494519672,5,2021-08-22,False,True
5255268,0.3388737428359878,5,2021-08-22,False,True
5255273,0.3588997263690348,5,2021-08-22,False,True
5255272,0.21732054980955795,5,2021-08-22,False,True
5255267,0.058687720096107336,5,2021-08-22,False,True
5255266,0.10144552669403753,5,2021-08-22,False,True
5255274,0.3057201758097768,5,2021-08-23,False,True
5255271,0.8563100047892924,5,2021-08-23,False,True
5255250,0.45521062776823074,5,2021-08-28,False,True
5255249,0.3054589281548222,5,2021-08-28,False,True
5255246,1.8020864651810402e-07,5,2021-08-29,True,True
5255248,2.210054798156885e-07,5,2021-08-29,True,True
5255241,2.9999985121642347,5,2021-08-29,True,True
5255247,6.26872655847434e-08,5,2021-08-29,True,True
5255243,2.198167765312258e-08,5,2021-08-29,True,True
5255244,6.988506468080413e-08,5,2021-08-29,True,True
5255224,0.2181678582025537,5,2021-09-05,False,True
5255216,0.5613612929790954,5,2021-09-05,False,True
5255225,0.0639576817557086,5,2021-09-05,False,True
5255223,0.7670507622243754,5,2021-09-08,False,True
5255222,0.37356894805104823,5,2021-09-08,False,True
5255217,0.1918150218845553,5,2021-09-11,False,True
5255199,0.48956549378650005,5,2021-09-11,False,True
5255226,0.36089932181838646,5,2021-09-11,False,True
5255197,0.042309698631867586,5,2021-09-12,False,True
5255203,0.3483447244469098,5,2021-09-12,False,True
5255200,0.04985490973944745,5,2021-09-12,False,True
5255198,0.2298257861804544,5,2021-09-12,False,True
5255227,0.11696829169316272,5,2021-09-12,False,True
5255201,0.14878928492633092,5,2021-09-12,False,True
5255202,0.261431555964439,5,2021-09-18,False,True
5255195,0.2559052752072815,5,2021-09-18,False,True
5255194,0.5461539170402641,5,2021-09-18,False,True
5255193,0.16002997295506585,5,2021-09-19,False,True
5255192,0.14251020674976295,5,2021-09-19,False,True
5255172,0.23872684671342945,5,2021-09-19,False,True
5255177,0.1160372426033576,5,2021-09-19,False,True
5255196,0.2187651324293855,5,2021-09-19,False,True
5255205,0.16404860394653445,5,2021-09-19,False,True
5255154,0.639024849225432,5,2021-09-25,False,True
5255151,0.4470212647754402,5,2021-09-25,False,True
5255142,0.0,5,2021-09-26,True,True
5255176,0.3578364447587191,5,2021-09-26,True,True
5255150,0.16228000722684124,5,2021-09-26,True,True
5255149,0.19402039280912192,5,2021-09-26,True,True
5255148,0.006341870687373109,4,2021-09-26,True,True
5255175,0.14595346892043856,5,2021-09-26,True,True
5255146,0.0,5,2021-09-26,True,True
5255147,0.03639046920411957,5,2021-09-26,True,True
5255123,0.3045172305359246,5,2021-10-02,False,True
5255121,0.4973368077533298,5,2021-10-02,False,True
5255126,0.3452678937106638,5,2021-10-02,False,True
5255125,0.24644921886666188,5,2021-10-03,False,True
5255124,0.0742507191739021,5,2021-10-03,False,True
5255118,0.4680063113166683,5,2021-10-03,False,True
5255119,0.2470718089803535,5,2021-10-03,False,True
5255120,0.02251592741850706,5,2021-10-03,False,True
5255139,0.1334480870017213,5,2021-10-06,False,True
5255130,0.1565546774183957,5,2021-10-06,False,True
5255141,0.08141393954998616,5,2021-10-06,False,True
5255140,0.1474921084957904,5,2021-10-06,False,True
5255136,0.10679587315181523,5,2021-10-06,False,True
5255132,0.35333081407133776,5,2021-10-06,False,True
5255122,0.5169846917703659,5,2021-10-07,False,True
5255138,0.3140603650433798,5,2021-10-07,False,True
5255137,0.2315005813666166,5,2021-10-07,False,True
5255131,0.08196725535336619,5,2021-10-07,False,True
5255103,0.2171742726772523,5,2021-10-09,False,True
5255101,0.07515880838009459,5,2021-10-09,False,True
5255095,0.08461022051915754,5,2021-10-09,False,True
5255104,0.23607426617235894,5,2021-10-09,False,True
5255100,0.30469983592338473,5,2021-10-09,False,True
5255098,0.15655071719823954,5,2021-10-10,False,True
5255097,0.35398797551688715,5,2021-10-10,False,True
5255094,0.49905424680722954,5,2021-10-10,False,True
5255096,0.07845922697617919,5,2021-10-10,False,True
5255099,0.11210673174038556,5,2021-10-13,False,True
5255105,0.29576180720503753,5,2021-10-13,False,True
5255108,0.06046952641249366,5,2021-10-13,False,True
5255079,0.3530794216898101,5,2021-10-13,False,True
5255078,0.03819836727669666,5,2021-10-13,False,True
5255109,0.2845623453181115,5,2021-10-14,False,True
5255077,0.20054818370394006,5,2021-10-14,False,True
5255080,0.18521386984634364,5,2021-10-14,False,True
5255076,0.3555700158005337,5,2021-10-14,False,True
5255071,0.028756904701667294,5,2021-10-17,True,True
5255074,0.17231621068471864,5,2021-10-17,True,True
5255093,0.21540167250124714,5,2021-10-17,True,True
5255073,0.11270384366114215,5,2021-10-17,True,True
5255072,0.14981825672204455,5,2021-10-17,True,True
5255082,0.007207317888794769,4,2021-10-17,True,True
5255075,0.07023387538363457,5,2021-10-17,True,True
5255048,0.0,5,2021-10-17,True,True
5255056,0.04450058367684631,5,2021-10-23,False,True
5255057,0.16116806483748397,5,2021-10-23,False,True
5255053,0.4663157843473817,5,2021-10-23,False,True
5255054,0.21351505172212748,5,2021-10-23,False,True
5255050,0.33764224987317015,5,2021-10-24,False,True
5255055,0.36926536497229573,5,2021-10-24,False,True
5255052,0.11695121952833987,5,2021-10-24,False,True
5255051,0.21470487924038187,5,2021-10-24,False,True
5616010,0.7580376647398626,5,2021-10-27,False,True
5616788,0.33273931057560396,5,2021-10-27,False,True
5255026,0.45103064484295874,5,2021-10-30,False,True
5255030,0.4021997187592355,5,2021-10-30,False,True
5255032,0.04604673420160202,5,2021-10-30,False,True
5255025,0.29107087976155915,5,2021-10-31,False,True
5255027,0.3063509239763449,5,2021-10-31,False,True
5255031,0.12959798602552114,5,2021-10-31,False,True
5255034,0.24199011923699298,5,2021-10-31,False,True
5255033,0.0766624920085813,5,2021-10-31,False,True
5255028,0.7814468513388393,5,2021-11-02,False,True
5673363,0.3592777413403204,5,2021-11-02,False,True
5673355,0.48120297339012663,5,2021-11-06,False,True
5255002,0.3584705394611497,5,2021-11-06,False,True
5255000,0.1888413612321235,5,2021-11-06,False,True
5255001,0.19309849725531267,5,2021-11-07,False,True
5255007,0.041444298123732015,5,2021-11-07,False,True
5255005,0.2897936280523793,5,2021-11-07,False,True
5254999,0.15040586529290578,5,2021-11-07,False,True
5255006,0.22572309223884524,5,2021-11-07,False,True
5255004,0.12093465342440579,5,2021-11-07,False,True
5254983,0.002762282695591907,5,2021-11-10,False,True
5254978,0.007302291505757636,5,2021-11-10,False,True
5254979,0.0032860039108394755,5,2021-11-10,False,True
5254986,0.984568739301091,5,2021-11-10,False,True
5254985,0.0026959011063892786,5,2021-11-10,False,True
5254982,0.0,5,2021-11-11,False,True
5254984,0.19875479369602803,5,2021-11-11,False,True
5254977,0.3168726018383467,5,2021-11-11,False,True
5254981,0.5091025759978263,5,2021-11-11,False,True
5254957,0.23608134942377618,5,2021-11-13,False,True
5254961,0.1941832348508821,5,2021-11-13,False,True
5254954,0.4283616773990357,5,2021-11-13,False,True
5254959,0.0,4,2021-11-13,False,True
5254956,0.24477871488056036,5,2021-11-14,False,True
5254963,0.30508335563856975,5,2021-11-14,False,True
5254955,0.08504681569608774,5,2021-11-14,False,True
5254958,0.28851586820630865,5,2021-11-14,False,True
5254953,0.17625162379812517,5,2021-11-14,False,True
5254965,0.1225797965409364,5,2021-11-16,False,True
5254932,0.8805132035185613,5,2021-11-16,False,True
5254962,0.0668777617423933,5,2021-11-17,False,True
5254967,0.16323464616814382,5,2021-11-17,False,True
5254935,0.24124110619397,5,2021-11-17,False,True
5254975,0.1496781430697445,5,2021-11-17,False,True
5254937,0.16000472378845768,5,2021-11-17,False,True
5254936,0.17634557104765017,5,2021-11-17,False,True
5254927,0.45975306247246106,5,2021-11-20,False,True
5254929,0.2268908953703671,5,2021-11-20,False,True
5254939,0.3753082410808608,5,2021-11-20,False,True
5254933,0.2197082473903403,5,2021-11-21,False,True
5254940,0.18797845696178722,5,2021-11-21,False,True
5254928,0.2474540778838288,5,2021-11-21,False,True
5254938,0.1456788044581112,5,2021-11-21,False,True
5254931,0.1403822127135448,5,2021-11-21,False,True
5759926,0.5559820658614965,5,2021-11-24,False,True
5254912,0.5516351320505936,5,2021-11-24,False,True
5254909,0.010090396128069957,5,2021-11-25,False,True
5254942,0.0,5,2021-11-25,False,True
5254913,0.9854373700508908,5,2021-11-25,False,True
5254908,0.00585065285670013,5,2021-11-25,False,True
5254883,0.0,5,2021-11-28,False,True
5254914,0.21356303247311445,5,2021-11-28,False,True
5254888,0.330048803892137,5,2021-11-28,False,True
5254879,0.5347075863313133,5,2021-11-28,False,True
5254911,0.0,5,2021-11-30,False,True
5254886,1.0189049877307779,5,2021-11-30,False,True
5254951,0.5687546762257145,5,2021-12-01,False,True
5254884,0.5304281342254182,5,2021-12-01,False,True
5254960,0.2937552923959501,5,2021-12-02,False,True
5254910,1.2949089023384515,5,2021-12-02,False,True
5254906,0.0,5,2021-12-03,False,True
5785007,0.602996184496871,5,2021-12-03,False,True
5254915,0.0,5,2021-12-03,False,True
5254881,0.26782102077329667,5,2021-12-05,False,True
5254880,0.18036012496912432,5,2021-12-05,False,True
5254887,0.31800093143837177,5,2021-12-05,False,True
5254891,0.09227173992740303,5,2021-12-05,False,True
5254882,,5,2021-12-06,False,False
5254903,,5,2021-12-06,False,False
5254892,,5,2021-12-06,False,False
5254896,,5,2021-12-06,False,False
5254904,,5,2021-12-06,False,False
5254902,0.017697317061660015,5,2021-12-10,True,True
5254901,0.06298475909135878,5,2021-12-10,True,True
5254893,0.12228005854710954,5,2021-12-10,True,True
5254898,0.16701927348522755,5,2021-12-10,True,True
5254897,0.13241495837366332,5,2021-12-10,True,True
5254899,0.0821660551378809,5,2021-12-10,True,True
5254895,0.12384899106737184,5,2021-12-10,True,True
5254900,0.08174002360781718,5,2021-12-10,True,True
5254894,0.1324839796368458,5,2021-12-10,True,True
5254878,0.11064163945899237,5,2021-12-10,True,True
5925519,0.16986493640194672,5,2022-04-09,False,True
5925525,0.5635603952713939,5,2022-04-09,False,True
5925521,0.1973943218285681,5,2022-04-10,True,True
5925496,0.11004298677442545,5,2022-04-10,True,True
5925518,0.17139623587819885,5,2022-04-10,True,True
5925522,0.12285341409933137,5,2022-04-10,True,True
5925524,0.20190739900762,5,2022-04-10,True,True
5925495,0.07312890835168019,5,2022-04-10,True,True
5925520,0.13930042264585094,5,2022-04-10,True,True
5925482,0.36192938616937376,5,2022-04-16,False,True
5925497,0.32068723493757006,5,2022-04-16,False,True
5925478,0.3489545301261586,5,2022-04-16,False,True
5925483,0.08337970208951684,5,2022-04-17,True,True
5925479,0.1987895005012194,5,2022-04-17,True,True
5925476,0.09906298896685192,5,2022-04-17,True,True
5925484,0.1010221537654252,5,2022-04-17,True,True
5925480,0.22174626112542098,5,2022-04-17,True,True
5925477,0.10776684836732056,5,2022-04-17,True,True
5925481,0.1802004111212591,5,2022-04-17,True,True
5925469,0.2711280371042464,5,2022-04-23,False,True
5925462,0.16211126263497344,5,2022-04-23,False,True
5925461,0.42053610035504974,5,2022-04-23,False,True
5925463,0.22730722129148778,5,2022-04-23,False,True
5925460,0.35166976585421683,5,2022-04-24,False,True
5925464,0.15609133854216725,5,2022-04-24,False,True
5925465,0.19678512670052759,5,2022-04-24,False,True
5925467,0.3818771255826574,5,2022-04-24,False,True
5925442,0.24988615079189994,5,2022-04-30,False,True
5925448,0.33667296285636494,5,2022-04-30,False,True
5925449,0.31123451806945235,5,2022-04-30,False,True
5925450,0.20742859958444143,5,2022-04-30,False,True
5925446,0.34451038181298815,5,2022-05-01,False,True
5925445,0.31990607234709584,5,2022-05-01,False,True
5925451,0.22347072449891764,5,2022-05-01,False,True
5925447,0.0,5,2022-05-01,False,True
5925406,0.6836358041136711,5,2022-05-07,False,True
5925415,0.3137568902245008,5,2022-05-07,False,True
5925407,0.2007754519850171,5,2022-05-08,True,True
5925413,0.19803164391947262,5,2022-05-08,True,True
5925409,0.151719001135449,5,2022-05-08,True,True
5925408,0.15986493270930902,5,2022-05-08,True,True
5925410,0.09033196099259393,5,2022-05-08,True,True
5925412,0.0,5,2022-05-08,True,True
5925411,0.16334402087794053,5,2022-05-08,True,True
5925401,0.19866788599447793,5,2022-05-14,False,True
5925398,0.2576397288297998,5,2022-05-14,False,True
5925395,0.3128360515724648,5,2022-05-14,False,True
5925400,0.2813187215753585,5,2022-05-14,False,True
5925396,0.218994216075613,5,2022-05-15,False,True
5925397,0.2162675845320532,5,2022-05-15,False,True
5925404,0.16161446763286633,5,2022-05-15,False,True
5925403,0.13328756768157254,5,2022-05-15,False,True
5925399,0.14985977211692636,5,2022-05-15,False,True
5925402,0.1796164815033834,5,2022-05-15,False,True
5925385,0.1532881081625462,5,2022-05-21,False,True
5925379,0.4896160784434355,5,2022-05-21,False,True
5925382,0.0,5,2022-05-21,False,True
5925383,0.20523574287445462,5,2022-05-21,False,True
5925378,0.26291581161344957,5,2022-05-22,False,True
5925363,0.16240537388370055,5,2022-05-22,False,True
5925381,0.2564647037486877,5,2022-05-22,False,True
5925384,0.22023255428526348,5,2022-05-22,False,True
5925364,0.1990609872701915,5,2022-05-22,False,True
5925353,0.6028156660413164,5,2022-05-28,False,True
5925367,0.49935164657056763,5,2022-05-28,False,True
5925352,0.05613996488815317,5,2022-05-28,False,True
5925355,0.22131898019990837,5,2022-05-29,True,True
5925350,0.16797171770609903,5,2022-05-29,True,True
5925349,0.13216903596125223,5,2022-05-29,True,True
5925354,0.12954438422538014,5,2022-05-29,True,True
5925366,0.1860131309465489,5,2022-05-29,True,True
5925365,0.2725827686441339,5,2022-05-29,True,True
5925328,0.1761063219235341,5,2022-06-04,False,True
5925337,0.13562607355721992,5,2022-06-04,False,True
5925336,0.37189522460031005,5,2022-06-04,False,True
5925334,0.1546499324497833,5,2022-06-04,False,True
5925335,0.24263991645245736,5,2022-06-04,False,True
5925333,0.23231943548204448,5,2022-06-05,False,True
5925329,0.2523841026334372,5,2022-06-05,False,True
5925331,0.16519845256402083,5,2022-06-05,False,True
5925330,0.2370027252808682,5,2022-06-05,False,True
5925321,0.09727450324493907,5,2022-06-08,False,True
5925313,0.23744187265677044,5,2022-06-08,False,True
5925318,0.1453198472237784,5,2022-06-08,False,True
5925320,0.33293224603512117,5,2022-06-08,False,True
5925315,0.253982047985426,5,2022-06-08,False,True
5925314,0.12312254324616378,5,2022-06-09,False,True
5925317,0.17830750653482458,5,2022-06-09,False,True
5925316,0.2720320072470801,5,2022-06-09,False,True
5925322,0.135645160723218,5,2022-06-09,False,True
5925319,0.2546039399879444,5,2022-06-09,False,True
5925291,0.3480830964942956,5,2022-06-11,False,True
5925323,0.21719112428992776,5,2022-06-11,False,True
5925296,0.24851656113450898,5,2022-06-11,False,True
5925324,0.3447691371858576,5,2022-06-11,False,True
5925293,0.1865971592107291,5,2022-06-12,False,True
5925295,0.134313435219958,5,2022-06-12,False,True
5925325,0.17947038445056965,5,2022-06-12,False,True
5925297,0.23165082798047332,5,2022-06-12,False,True
5925294,0.09516698878423455,5,2022-06-12,False,True
5925280,0.058550289699620416,5,2022-06-15,False,True
5925281,0.0,5,2022-06-15,False,True
5925277,0.2261466387398829,5,2022-06-15,False,True
5925276,0.5308942868210765,5,2022-06-15,False,True
5925282,0.08374035208415041,5,2022-06-15,False,True
5925275,1.1024945305015106e-17,5,2022-06-16,False,True
5925284,4.66368447044049e-18,5,2022-06-16,False,True
5925279,1.025882317362502,5,2022-06-16,False,True
5925278,1.5648877895462073e-16,5,2022-06-16,False,True
5925283,0.0006082610015926332,5,2022-06-16,False,True
5925259,0.011384844502849422,5,2022-06-19,True,True
5925285,0.11314697149971033,5,2022-06-19,True,True
5925258,0.1396561626992353,5,2022-06-19,True,True
5925264,0.12313064171770087,5,2022-06-19,True,True
5925262,0.23215452211154486,5,2022-06-19,True,True
5925261,0.13237496853021347,5,2022-06-19,True,True
5925260,0.15224276341120915,5,2022-06-19,True,True
5925256,0.15181428236969616,5,2022-06-19,True,True
5925242,0.6477836888241669,5,2022-06-25,False,True
5925246,0.13977296719918406,5,2022-06-25,False,True
5925240,0.049948063526661673,5,2022-06-25,False,True
5925238,0.1392482467255006,5,2022-06-25,False,True
5925237,0.6028499530683916,5,2022-06-26,False,True
5925245,0.062447823653528696,5,2022-06-26,False,True
5925241,0.09945870870501147,5,2022-06-26,False,True
5925243,0.10604791492256303,5,2022-06-26,False,True
5925244,0.09412520464766239,5,2022-06-26,False,True
5925239,0.03697920267229704,5,2022-06-26,False,True
5925221,0.7075032674045505,5,2022-07-02,False,True
5925225,0.0961884787652521,5,2022-07-02,False,True
5925226,0.14104669242085363,5,2022-07-02,False,True
5925224,0.1033637374168167,5,2022-07-02,False,True
5925223,0.13883711471638002,5,2022-07-03,False,True
5925228,0.071252940312907,5,2022-07-03,False,True
5925227,0.36553207151473355,5,2022-07-03,False,True
5925220,0.3693167646802197,5,2022-07-03,False,True
5925229,0.09452566514781552,5,2022-07-03,False,True
5925201,0.07903533949062093,5,2022-07-09,False,True
5925200,0.42980459440983065,5,2022-07-09,False,True
5925186,0.4902178352147157,5,2022-07-09,False,True
5925188,0.07948734210905783,5,2022-07-10,True,True
5925202,0.6164711191520713,5,2022-07-10,True,True
5925199,0.0,5,2022-07-10,True,True
5925205,0.0,5,2022-07-10,True,True
5925203,0.07766317599310707,5,2022-07-10,True,True
5925187,0.062092454501976965,5,2022-07-10,True,True
5925198,0.10847572952680974,5,2022-07-16,False,True
5925197,0.15298395758737995,5,2022-07-16,False,True
5925190,0.584403107424953,5,2022-07-16,False,True
5925195,0.06768698877317057,5,2022-07-17,False,True
5925194,0.11542038582649704,5,2022-07-17,False,True
5925191,0.22533230040811425,5,2022-07-17,False,True
5925196,0.2578216107724138,5,2022-07-17,False,True
5925193,0.09542054337553266,5,2022-07-17,False,True
5925189,0.18281747135715434,5,2022-07-17,False,True
5925173,0.1588309895031225,5,2022-07-20,False,True
5925174,0.151006029362431,5,2022-07-20,False,True
5925169,0.14839757835759368,5,2022-07-20,False,True
5925150,0.121801141308409,5,2022-07-20,False,True
5925168,0.16672460664940753,5,2022-07-20,False,True
5925172,0.28264258001777454,5,2022-07-20,False,True
5925170,0.7378052692152789,5,2022-07-21,False,True
5925171,0.03489804733631859,5,2022-07-21,False,True
5925175,0.12045734717511519,5,2022-07-21,False,True
5925167,0.11858583792352448,5,2022-07-21,False,True
5925155,0.21355177991543808,5,2022-07-24,True,True
5925133,0.08883941661675814,5,2022-07-24,True,True
5925152,0.1967641878588598,5,2022-07-24,True,True
5925156,0.10347760832143763,5,2022-07-24,True,True
5925154,0.14060891518912613,5,2022-07-24,True,True
5925132,0.13276898033654408,5,2022-07-24,True,True
5925151,0.13167592612612083,5,2022-07-24,True,True
5925131,0.0,5,2022-07-24,True,True
5925122,0.07242725775569021,5,2022-07-30,False,True
5925123,0.05199856022078016,5,2022-07-30,False,True
5925118,0.769543601839839,5,2022-07-30,False,True
5925116,0.09424706473433123,5,2022-07-30,False,True
5925097,0.1313656936502839,5,2022-07-31,False,True
5925120,0.057712106014555106,5,2022-07-31,False,True
5925115,0.1044207979700204,5,2022-07-31,False,True
5925124,0.6122230037717803,5,2022-07-31,False,True
5925117,0.09194777944071288,5,2022-07-31,False,True
5925103,0.08946528008645256,5,2022-08-06,False,True
5925104,0.14121950347400056,5,2022-08-06,False,True
5925080,0.09362847954829347,5,2022-08-06,False,True
5925082,0.08617817404472766,5,2022-08-06,False,True
5925101,0.6241742778875164,5,2022-08-06,False,True
5925099,0.021264367086741506,5,2022-08-07,False,True
5925102,0.4863246768575451,5,2022-08-07,False,True
5925079,0.2453830768991937,5,2022-08-07,False,True
5925098,0.21439119261335712,5,2022-08-07,False,True
5925063,0.47262877411742565,5,2022-08-13,False,True
5925058,0.0,5,2022-08-13,False,True
5925065,0.48108792651786125,5,2022-08-13,False,True
5925059,0.047676858477520005,5,2022-08-14,True,True
5925066,0.18510988420075802,5,2022-08-14,True,True
5925062,0.10652859258812333,5,2022-08-14,True,True
5925056,0.22943732838377362,5,2022-08-14,True,True
5925057,0.013606697900477761,5,2022-08-14,True,True
5925084,0.11159419195914086,5,2022-08-14,True,True
5925061,0.1283763246562164,5,2022-08-14,True,True
5925036,0.3973371150952797,5,2022-08-20,False,True
5925037,0.6408627388116024,5,2022-08-20,False,True
5925043,0.01743706244672698,5,2022-08-21,True,True
5925041,0.23709603375593766,5,2022-08-21,True,True
5925025,0.20077666336826702,5,2022-08-21,True,True
5925045,0.1846630359337838,5,2022-08-21,True,True
5925044,0.21303985950998816,5,2022-08-21,True,True
5925040,0.21108221527038803,5,2022-08-21,True,True
5925042,0.0,5,2022-08-21,True,True
5925013,0.41308493668158236,5,2022-08-27,False,True
5925011,0.24960254922608985,5,2022-08-27,False,True
5925005,0.3626544644420574,5,2022-08-27,False,True
5925010,0.12645322581490775,5,2022-08-28,False,True
5925004,0.28408923998849295,5,2022-08-28,False,True
5925006,0.0,5,2022-08-28,False,True
5925008,0.23423564565611185,5,2022-08-28,False,True
5925012,0.08015664726255664,5,2022-08-28,False,True
5924989,0.17526977690716866,5,2022-09-03,False,True
5924993,0.34052216957877546,5,2022-09-03,False,True
5924986,0.29515306321769796,5,2022-09-03,False,True
5924984,0.25979671283134287,5,2022-09-03,False,True
5924985,0.35080113784216277,5,2022-09-04,False,True
5924987,0.25854739556743705,5,2022-09-04,False,True
5924990,0.05637074130330332,5,2022-09-04,False,True
5924991,0.20191508075167533,5,2022-09-04,False,True
5924992,0.26145918291514564,5,2022-09-04,False,True
5924946,0.16038782274819677,5,2022-09-10,False,True
5924945,0.8180200822267448,5,2022-09-10,False,True
5924970,0.07439335184948054,5,2022-09-10,False,True
5924972,0.22785150492147532,5,2022-09-11,False,True
5924948,0.1847268584529036,5,2022-09-11,False,True
5924973,0.0615924051435031,5,2022-09-11,False,True
5924949,0.11990685658233981,5,2022-09-11,False,True
5924971,0.2835088651915201,5,2022-09-11,False,True
5924947,0.11765578578532845,5,2022-09-11,False,True
5924958,0.6047675044341492,5,2022-09-17,False,True
5924954,0.5152331912003361,5,2022-09-17,False,True
5924952,0.06504220070426214,5,2022-09-18,True,True
5924956,0.20908694975747422,5,2022-09-18,True,True
5924951,0.06437598685144405,5,2022-09-18,True,True
5924950,0.0519674457174476,5,2022-09-18,True,True
5924955,0.019401262601677145,5,2022-09-18,True,True
5924953,0.36699784779143285,5,2022-09-18,True,True
5924922,0.3416381773166356,5,2022-09-18,True,True
5924900,0.19880836291757215,5,2022-09-28,False,True
5924899,0.3946643125805261,5,2022-09-28,False,True
5924905,0.15369760157608953,5,2022-09-28,False,True
5924924,0.384925543301055,5,2022-09-28,False,True
5924902,0.09280402893253083,5,2022-09-28,False,True
5924904,0.17577079603394985,5,2022-09-29,False,True
5924923,0.14811977811916874,5,2022-09-29,False,True
5924903,0.5919140060421284,5,2022-09-29,False,True
5924901,0.06345778151492598,5,2022-09-29,False,True
5924906,0.18627848329062052,5,2022-10-01,True,True
5924912,0.14953740793393314,5,2022-10-01,True,True
5924911,0.030019585424723473,5,2022-10-01,True,True
5924915,0.2284099953335512,5,2022-10-01,True,True
5924914,0.21257229853315765,5,2022-10-01,True,True
5924907,0.17842598464359857,5,2022-10-01,True,True
5924913,0.15512173782394656,5,2022-10-01,True,True
5924921,0.07712340281723856,5,2022-10-05,False,True
5924878,0.11110556435844515,5,2022-10-05,False,True
5924877,0.2987957100653832,5,2022-10-05,False,True
5924918,0.5228835510744828,5,2022-10-05,False,True
5924880,0.1047973719720938,5,2022-10-05,False,True
5924917,0.12191170230406383,5,2022-10-06,False,True
5924920,0.30899141325176405,5,2022-10-06,False,True
5924919,0.08250000597262469,5,2022-10-06,False,True
5924916,0.2831057602442789,5,2022-10-06,False,True
5924879,0.18704179787793318,5,2022-10-06,False,True
5924884,1.4565220942696655,5,2022-10-09,True,True
5924886,0.0570487828399205,5,2022-10-09,True,True
5924887,0.03617267218662994,5,2022-10-09,True,True
5924883,0.02565661902047234,5,2022-10-09,True,True
5924881,0.04882357971586351,5,2022-10-09,True,True
5924890,0.022860817699997156,5,2022-10-09,True,True
5924882,0.03949714480210013,5,2022-10-09,True,True
5924888,0.0004791480576159923,5,2022-10-10,False,True
6869837,1.48854491429465,5,2022-10-10,False,True
5924852,0.5973595615115028,5,2022-10-15,False,True
5924853,0.6483964661707737,5,2022-10-15,False,True
5924858,0.1856508754408289,5,2022-10-16,False,True
5924855,0.1538652069300605,5,2022-10-16,False,True
5924856,0.1444351319014127,5,2022-10-16,False,True
5924857,0.15527619078313795,5,2022-10-16,False,True
5924861,0.2664835104027692,5,2022-10-16,False,True
5924860,0.18091892864599782,5,2022-10-16,False,True
5924831,0.20708750317606545,5,2022-10-22,False,True
5924829,0.5266973642346287,5,2022-10-22,False,True
5924833,0.4654798163888156,5,2022-10-22,False,True
5924832,0.2493430563126816,5,2022-10-23,False,True
5924830,0.2678556505815209,5,2022-10-23,False,True
5924834,0.15054818319048735,5,2022-10-23,False,True
5924836,0.17165446756429742,5,2022-10-23,False,True
5924838,0.28321898929947525,5,2022-10-23,False,True
5924837,0.26339101175620994,5,2022-10-23,False,True
5924782,0.859637673452209,5,2022-10-26,False,True
5924807,0.42959604492636905,5,2022-10-26,False,True
5924810,0.03491904547530974,5,2022-10-26,False,True
5924809,0.13993168833795447,5,2022-10-27,True,True
5924813,0.16447860148916627,5,2022-10-27,True,True
5924811,0.19185331954074658,5,2022-10-27,True,True
5924812,0.10259050970012326,5,2022-10-27,True,True
5924808,0.34734127410793714,5,2022-10-27,True,True
5924806,0.21486909147875902,5,2022-10-27,True,True
5924781,0.199455822788778,5,2022-10-27,True,True
5924785,0.06220070177159365,5,2022-11-02,False,True
5924783,0.06730481946987545,5,2022-11-02,False,True
5924792,0.8978628291572072,5,2022-11-02,False,True
5924790,0.09503364942508155,5,2022-11-02,False,True
5924791,0.06711347239354647,5,2022-11-02,False,True
5924788,0.13047260178471223,5,2022-11-02,False,True
5924784,0.32948940236319796,5,2022-11-03,False,True
5924786,1.0840906622407653,5,2022-11-03,False,True
5924794,0.09966492200936192,5,2022-11-05,False,True
5924797,0.7006200192443549,5,2022-11-05,False,True
5924800,0.20515494796378902,5,2022-11-05,False,True
5924795,0.056281832534693974,5,2022-11-05,False,True
5924796,0.2710689572923782,5,2022-11-05,False,True
5924798,0.3793798827852557,5,2022-11-06,False,True
5924802,0.2568152113709697,5,2022-11-06,False,True
5924799,0.3369541962424193,5,2022-11-06,False,True
5924801,0.1879601442816634,5,2022-11-06,False,True
5924762,0.23854350950168152,5,2022-11-09,False,True
5924768,0.16417159762803027,5,2022-11-09,False,True
5924769,0.21966579601907965,5,2022-11-09,False,True
5924761,0.6409826353819075,5,2022-11-09,False,True
5924766,0.02362174845514877,5,2022-11-09,False,True
5924767,0.25546167606784026,5,2022-11-10,False,True
5924765,0.2388254431847417,5,2022-11-10,False,True
5924763,0.3152700012887087,5,2022-11-10,False,True
5924760,0.501542333321348,5,2022-11-10,False,True
5924764,0.020863579066703938,5,2022-11-10,False,True
5924770,,5,2022-11-13,True,False
5924759,,5,2022-11-13,True,False
5924756,,5,2022-11-13,True,False
5924773,,5,2022-11-13,True,False
5924758,,5,2022-11-13,True,False
5924757,,5,2022-11-13,True,False
5924755,,5,2022-11-13,True,False
5924772,,5,2022-11-13,True,False
5924754,,5,2022-11-13,True,False
