0,1,2,3,4
2738735,0.0,5,2019-04-27,False
2738739,0.0,5,2019-04-27,False
2738740,0.0,5,2019-04-27,False
2740879,0.8363938332031722,5,2019-04-28,True
2740882,0.0,5,2019-04-28,True
2740887,0.0,5,2019-04-28,True
2740886,0.1279755898471316,5,2019-04-28,True
2740885,0.08238998207677131,5,2019-04-28,True
2740906,0.0,5,2019-04-28,True
2740905,0.0,5,2019-04-28,True
2743107,0.0,5,2019-05-01,False
2743108,0.0,5,2019-05-01,False
2743106,0.0,5,2019-05-01,False
2743111,0.0,5,2019-05-01,False
2743110,0.0,5,2019-05-01,False
2744172,0.0,5,2019-05-02,False
2744174,0.0,5,2019-05-02,False
2744173,0.0,5,2019-05-02,False
2744177,0.0,5,2019-05-02,False
2744178,2.714953293442342,5,2019-05-02,False
2746105,0.0,5,2019-05-04,False
2746106,0.0,5,2019-05-04,False
2748123,0.0,5,2019-05-05,True
2748127,0.0,5,2019-05-05,True
2748130,0.8860965404060276,4,2019-05-05,True
2748128,0.0,5,2019-05-05,True
2748131,0.0,5,2019-05-05,True
2748129,0.37568045958486646,5,2019-05-05,True
2748149,0.0,5,2019-05-05,True
2748148,0.0,5,2019-05-05,True
2762896,1.1587694237057153,5,2019-05-11,False
2762898,4.665386431765516,5,2019-05-11,False
2762915,0.0,2,2019-05-12,True
2762918,0.0,5,2019-05-12,True
2762921,0.0,5,2019-05-12,True
2762920,1.789138972156164,5,2019-05-12,True
2762922,0.0,5,2019-05-12,True
2762933,0.0,5,2019-05-12,True
2762932,0.0,5,2019-05-12,True
2762931,0.0,5,2019-05-12,True
2769657,0.6437885065946887,5,2019-05-18,False
2769659,0.0,5,2019-05-18,False
2769660,0.0,5,2019-05-18,False
2769665,0.0,5,2019-05-19,False
2769671,0.0,5,2019-05-19,False
2769669,0.6840674320590369,5,2019-05-19,False
2769670,1.2179224295966025,3,2019-05-19,False
2769668,0.0,5,2019-05-19,False
2769689,0.0,5,2019-05-19,False
2769690,0.0,5,2019-05-19,False
2774664,0.0,5,2019-05-25,False
2776377,0.0,5,2019-05-25,False
2776379,0.0,5,2019-05-26,False
2776378,0.0,5,2019-05-26,False
2776398,0.0,5,2019-05-26,False
2774666,0.0,5,2019-05-26,False
2776397,0.0,5,2019-05-26,False
2774663,0.0,1,2019-05-26,False
2777281,0.0,5,2019-05-27,False
2777282,0.0,5,2019-05-27,False
2782628,0.0,5,2019-06-01,False
2782629,0.0,5,2019-06-01,False
2784078,0.0,5,2019-06-02,True
2784082,0.0,5,2019-06-02,True
2784079,0.0,5,2019-06-02,True
2784080,0.0,5,2019-06-02,True
2784095,0.0,5,2019-06-02,True
2784081,0.0,5,2019-06-02,True
2784094,0.0,5,2019-06-02,True
2790514,0.0,5,2019-06-08,False
2791672,0.0,5,2019-06-08,False
2790513,0.0,5,2019-06-08,False
2790510,0.0,5,2019-06-08,False
2791670,0.0,5,2019-06-09,False
2791673,0.0,5,2019-06-09,False
2790515,0.0,5,2019-06-09,False
2790511,0.0,5,2019-06-09,False
2795195,0.0,5,2019-06-13,True
2795198,0.0,5,2019-06-13,True
2795196,0.0,5,2019-06-13,True
2795197,0.0,5,2019-06-13,True
2795199,0.7931536630825348,4,2019-06-13,True
2795200,0.0,5,2019-06-13,True
2795202,0.0,5,2019-06-13,True
2795203,0.0,5,2019-06-13,True
2795201,0.0,5,2019-06-13,True
2823108,0.0,5,2019-07-13,False
2823105,0.0,5,2019-07-13,False
2823107,9.090410397150116,5,2019-07-13,False
2823106,0.0,5,2019-07-13,False
2823109,1.5379045096311474,5,2019-07-14,False
2823112,0.0,5,2019-07-14,False
2823111,0.0,5,2019-07-14,False
2823110,0.0,5,2019-07-14,False
2823113,0.0,5,2019-07-14,False
2832536,0.0,5,2019-07-20,False
2832543,0.0,5,2019-07-20,False
2832545,0.0,5,2019-07-20,False
2832546,4.983224405568027,5,2019-07-20,False
2832544,0.0,5,2019-07-20,False
2833635,0.0,5,2019-07-21,False
2833638,0.0,5,2019-07-21,False
2833639,0.0,5,2019-07-21,False
2833642,0.0,5,2019-07-21,False
2839497,0.0,5,2019-07-27,False
2839500,0.0,5,2019-07-27,False
2839501,0.0,5,2019-07-27,False
2839499,0.0,5,2019-07-27,False
2841128,0.0,5,2019-07-28,False
2841133,0.0,5,2019-07-28,False
2841132,0.0,5,2019-07-28,False
2841135,0.0,5,2019-07-28,False
2841136,0.0,5,2019-07-28,False
2851290,0.0,5,2019-08-03,False
2851291,0.0,5,2019-08-03,False
2852528,3.499771930862773,5,2019-08-04,False
2853375,0.0,5,2019-08-04,False
2852533,0.0,5,2019-08-04,False
2852539,0.0,5,2019-08-04,False
2852540,0.0,5,2019-08-04,False
2852541,0.0,5,2019-08-04,False
2858601,0.9794958288506925,5,2019-08-10,False
2858603,1.529815206530143,5,2019-08-10,False
2858605,0.0,5,2019-08-10,False
2860191,0.0,5,2019-08-11,False
2860198,0.0,5,2019-08-11,False
2860201,0.0,5,2019-08-11,False
2860200,0.0,5,2019-08-11,False
2860199,0.0,5,2019-08-11,False
2860209,0.9295645933779894,5,2019-08-11,False
2866783,0.0,5,2019-08-17,False
2866782,0.0,5,2019-08-17,False
2868162,0.0,5,2019-08-17,False
2866785,0.0,5,2019-08-17,False
2868471,5.0975619665514555,5,2019-08-18,True
2869496,0.0,5,2019-08-18,True
2868479,2.459435015126317,5,2019-08-18,True
2868481,0.0,5,2019-08-18,True
2868480,0.0,5,2019-08-18,True
2868484,0.0,5,2019-08-18,True
2875730,0.385462086846163,5,2019-08-24,False
2875743,0.7888323749511428,5,2019-08-24,False
2877366,0.0,5,2019-08-25,True
2877364,0.0,5,2019-08-25,True
2877365,0.0,5,2019-08-25,True
2877372,0.0,5,2019-08-25,True
2877371,0.888883626192106,5,2019-08-25,True
2877373,0.0,5,2019-08-25,True
2884281,0.0,5,2019-08-31,False
2884286,0.0,5,2019-08-31,False
2884289,0.0,5,2019-08-31,False
2884288,0.0,5,2019-08-31,False
2885985,1.0026118146374607,5,2019-09-01,False
2885997,0.0,5,2019-09-01,False
2885996,0.0,5,2019-09-01,False
2886002,0.0,5,2019-09-01,False
2886001,0.0,5,2019-09-01,False
2892749,1.4429474222603844,5,2019-09-07,False
2892750,0.0,5,2019-09-07,False
2892753,0.0,5,2019-09-07,False
2892752,0.0,5,2019-09-07,False
2892754,0.0,5,2019-09-07,False
2894181,0.0,5,2019-09-08,False
2894184,2.022495561519122,5,2019-09-08,False
2894186,0.0,5,2019-09-08,False
2894185,0.0,5,2019-09-08,False
2894187,0.0,5,2019-09-08,False
2900582,0.0,5,2019-09-14,False
2900600,0.0,5,2019-09-14,False
2900602,0.0,5,2019-09-14,False
2902650,0.0,5,2019-09-15,True
2902657,0.0,5,2019-09-15,True
2902652,0.0,5,2019-09-15,True
2902656,0.0,5,2019-09-15,True
2902655,0.0,5,2019-09-15,True
2902654,0.0,5,2019-09-15,True
2902663,0.0,5,2019-09-15,True
2911344,0.0,5,2019-09-21,False
2911349,0.0,5,2019-09-21,False
2911353,0.0,5,2019-09-21,False
2913461,1.0993040730664263,5,2019-09-22,False
2913467,0.0,5,2019-09-22,False
2913473,0.0,5,2019-09-22,False
2913471,0.0,5,2019-09-22,False
2913472,0.0,5,2019-09-22,False
2913479,0.0,5,2019-09-22,False
2917296,0.0,5,2019-09-26,False
2917294,0.0,5,2019-09-26,False
2917293,0.0,5,2019-09-26,False
2918570,0.0,5,2019-09-26,False
2917295,0.0,5,2019-09-26,False
2917292,2.289237265661487,5,2019-09-26,False
2924264,0.0,5,2019-09-29,False
2924268,0.0,5,2019-09-29,False
2924266,0.0,5,2019-09-29,False
2924267,0.0,5,2019-09-29,False
2924278,0.0,5,2019-09-29,False
2924276,0.0,5,2019-09-29,False
2925721,0.0,5,2019-09-30,False
2925720,0.0,5,2019-09-30,False
2924277,0.0,5,2019-09-30,False
2928271,0.0,5,2019-10-02,False
2929300,0.0,5,2019-10-02,False
2932126,0.0,5,2019-10-05,False
2932127,0.0,5,2019-10-05,False
2932130,1.5856818359230542,5,2019-10-05,False
2932129,0.0,5,2019-10-05,False
2932114,0.0,5,2019-10-06,False
2934357,0.0,5,2019-10-06,False
2934363,0.0,5,2019-10-06,False
2934361,0.0,5,2019-10-06,False
2934362,0.0,5,2019-10-06,False
2934377,0.0,5,2019-10-06,False
2938255,0.0,5,2019-10-09,False
2938256,0.0,5,2019-10-09,False
2938257,0.0,5,2019-10-09,False
2939249,0.0,5,2019-10-10,True
2939248,0.0,5,2019-10-10,True
2939250,0.0,5,2019-10-10,True
2939251,3.617201229208101,5,2019-10-10,True
2939253,0.0,5,2019-10-10,True
2939252,0.41246687314795255,5,2019-10-10,True
2939254,0.0,5,2019-10-10,True
2941769,0.5376226708301608,5,2019-10-12,False
2941770,0.8221022427317591,5,2019-10-12,False
2943952,0.0,5,2019-10-13,True
2943957,0.0,5,2019-10-13,True
2943955,0.0,5,2019-10-13,True
2943954,0.0,5,2019-10-13,True
2943956,0.0,5,2019-10-13,True
2943958,0.0,5,2019-10-13,True
2943959,1.30270258315753,5,2019-10-13,True
2943960,0.0,5,2019-10-13,True
2947701,0.0,5,2019-10-16,False
2947700,0.0,5,2019-10-16,False
2947702,0.0,5,2019-10-16,False
2948662,0.0,5,2019-10-17,True
2948663,0.0,5,2019-10-17,True
2948667,0.0,5,2019-10-17,True
2948666,0.0,5,2019-10-17,True
2948669,0.0,5,2019-10-17,True
2948664,0.0,5,2019-10-17,True
2950803,0.0,5,2019-10-19,False
2950806,0.0,5,2019-10-19,False
2953558,0.0,5,2019-10-20,True
2953557,0.0,5,2019-10-20,True
2953559,0.0,5,2019-10-20,True
2953561,0.0,5,2019-10-20,True
2953564,8.592583682202335,5,2019-10-20,True
2953563,0.0,5,2019-10-20,True
2950807,0.0,5,2019-10-21,False
2954906,0.0,5,2019-10-21,False
2961961,0.0,5,2019-10-26,False
2961962,0.0,5,2019-10-26,False
2961965,2.368371680712688,5,2019-10-26,False
2963961,0.0,5,2019-10-26,False
2964066,0.0,5,2019-10-27,False
2964071,0.0,5,2019-10-27,False
2964069,0.0,5,2019-10-27,False
2964070,0.0,5,2019-10-27,False
2964073,0.0,5,2019-10-27,False
2961964,0.0,5,2019-10-27,False
2968022,0.0,5,2019-10-30,False
2968024,4.472723707885973,5,2019-10-30,False
2968023,0.0,5,2019-10-30,False
2969204,1.1739197250486857,5,2019-10-31,False
2969207,0.0,5,2019-10-31,False
2969206,0.773743507024953,5,2019-10-31,False
2969210,0.0,5,2019-10-31,False
2969211,0.0,5,2019-10-31,False
2970332,0.0,5,2019-11-01,False
2970331,0.0,5,2019-11-01,False
2971944,0.0,5,2019-11-02,False
2971948,0.0,5,2019-11-02,False
2971947,0.0,5,2019-11-02,False
2974330,0.0,5,2019-11-03,True
2974333,0.0,5,2019-11-03,True
2974336,0.0,5,2019-11-03,True
2974335,0.0,5,2019-11-03,True
2974339,0.0,5,2019-11-03,True
2974340,0.0,5,2019-11-03,True
2974341,0.0,5,2019-11-03,True
2977924,9.791610074028636,5,2019-11-06,False
2977923,0.0,5,2019-11-06,False
2977925,0.0,5,2019-11-07,True
2977928,0.0,5,2019-11-07,True
2977927,0.0,5,2019-11-07,True
2977926,0.0,5,2019-11-07,True
2979269,0.0,5,2019-11-07,True
2979270,0.0,5,2019-11-07,True
2979271,0.0,5,2019-11-07,True
2981424,0.0,5,2019-11-09,False
2981426,0.0,5,2019-11-09,False
2983652,0.0,5,2019-11-10,True
2983651,0.0,5,2019-11-10,True
2983653,1.5832100847302968,5,2019-11-10,True
2983655,0.0,5,2019-11-10,True
2983657,0.0,5,2019-11-10,True
2983658,0.0,5,2019-11-10,True
2983656,0.0,5,2019-11-10,True
2991097,0.0,5,2019-11-16,False
2991098,0.0,5,2019-11-16,False
2992795,0.0,5,2019-11-17,False
2992793,0.0,5,2019-11-17,False
2992794,0.0,5,2019-11-17,False
2992797,0.0,5,2019-11-17,False
2992796,0.0,5,2019-11-17,False
2992792,0.0,5,2019-11-17,False
2994602,0.0,5,2019-11-18,False
2994603,0.0,5,2019-11-18,False
3002511,0.0,5,2019-11-24,True
3002515,0.0,5,2019-11-24,True
3002513,1.111267225536083,5,2019-11-24,True
3002517,0.0,5,2019-11-24,True
3002514,0.0,5,2019-11-24,True
3002518,0.0,5,2019-11-24,True
3002519,0.0,5,2019-11-24,True
3002520,0.0,5,2019-11-24,True
3006664,0.0,5,2019-11-27,False
3006665,0.0,5,2019-11-27,False
3007956,0.0,5,2019-11-28,False
3007957,0.0,5,2019-11-28,False
3007959,0.0,5,2019-11-28,False
3007958,0.0,5,2019-11-28,False
3007960,3.4656615379403592,5,2019-11-28,False
3007962,0.0,5,2019-11-28,False
3007961,0.0,5,2019-11-28,False
3010528,0.0,5,2019-11-30,False
3010529,0.0,5,2019-11-30,False
3013364,0.0,5,2019-12-01,True
3013359,0.0,5,2019-12-01,True
3013360,1.9727294103517239,5,2019-12-01,True
3013363,0.0,5,2019-12-01,True
3013362,0.0,5,2019-12-01,True
3013366,0.0,5,2019-12-01,True
3013365,0.0,5,2019-12-01,True
3017441,0.0,5,2019-12-04,False
3017446,0.0,5,2019-12-04,False
3017445,1.333268416234078,5,2019-12-04,False
3017439,0.0,5,2019-12-05,True
3017438,1.073403865113209,5,2019-12-05,True
3017443,0.0,5,2019-12-05,True
3017440,0.0,5,2019-12-05,True
3017447,0.0,5,2019-12-05,True
3017444,0.0,5,2019-12-05,True
3017442,0.3078722951344152,5,2019-12-05,True
3022754,0.0,5,2019-12-08,True
3022755,0.0,5,2019-12-08,True
3022758,0.2938364742347432,5,2019-12-08,True
3022760,0.0,4,2019-12-08,True
3022762,0.0,5,2019-12-08,True
3022759,0.4106284151391409,4,2019-12-08,True
3022753,0.2183549864084791,5,2019-12-08,True
3022761,0.0,5,2019-12-08,True
3022757,0.0,5,2019-12-08,True
3022756,0.0,5,2019-12-08,True
4698245,0.879087246502606,5,2020-08-08,False
4698244,0.0,5,2020-08-08,False
4698243,1.423106584384127,5,2020-08-09,False
4698237,0.0,5,2020-08-09,False
4698240,1.8840233877492125,5,2020-08-09,False
4698242,0.0,5,2020-08-09,False
4698254,0.0,5,2020-08-12,False
4698251,0.0,5,2020-08-12,False
4698250,0.0,5,2020-08-12,False
4698256,0.0,5,2020-08-12,False
4698253,0.0,5,2020-08-12,False
4698255,0.0,5,2020-08-13,False
4698247,0.0,5,2020-08-13,False
4698249,0.0,5,2020-08-13,False
4698252,0.0,3,2020-08-13,False
4698248,0.0,5,2020-08-13,False
4698262,0.0,5,2020-08-15,False
4698264,0.0,5,2020-08-15,False
4698259,0.0,5,2020-08-16,True
4698261,0.0,5,2020-08-16,True
4698263,0.0,5,2020-08-16,True
4698258,0.0,5,2020-08-16,True
4698257,0.0,5,2020-08-16,True
4698266,0.0,5,2020-08-16,True
4698265,0.0,5,2020-08-16,True
4698260,0.0,5,2020-08-16,True
4698267,0.0,5,2020-08-19,False
4698270,1.9909449464892273,5,2020-08-19,False
4698274,0.0,5,2020-08-19,False
4698276,0.0,5,2020-08-19,False
4698272,0.0,5,2020-08-19,False
4698268,0.0,5,2020-08-20,False
4698271,0.0,5,2020-08-20,False
4698273,0.0,5,2020-08-20,False
4698275,0.0,5,2020-08-20,False
4698269,0.0,5,2020-08-20,False
4698284,0.0,5,2020-08-22,False
4698282,0.0,5,2020-08-22,False
4698286,0.0,5,2020-08-23,True
4698277,0.0,5,2020-08-23,True
4698279,0.0,5,2020-08-23,True
4698280,0.0,5,2020-08-23,True
4698278,0.0,5,2020-08-23,True
4698283,0.0,5,2020-08-23,True
4698285,0.0,5,2020-08-23,True
4698288,0.0,5,2020-08-29,False
4698293,0.0,5,2020-08-29,False
4698287,2.4623104476865323,5,2020-08-29,False
4698295,0.0,5,2020-08-30,False
4698289,0.0,5,2020-08-30,False
4698294,0.0,5,2020-08-30,False
4698290,0.0,5,2020-08-30,False
4698296,0.0,5,2020-08-30,False
4698305,0.0,5,2020-09-02,False
4698297,0.0,5,2020-09-02,False
4698306,0.0,5,2020-09-02,False
4698304,0.0,5,2020-09-02,False
4698303,1.3078542468922953,5,2020-09-02,False
4698298,0.0,5,2020-09-02,False
4698299,0.0,5,2020-09-03,False
4698300,0.0,5,2020-09-03,False
4698302,0.0,5,2020-09-03,False
4698301,0.0,5,2020-09-03,False
4698307,0.0,5,2020-09-05,False
4698311,0.0,5,2020-09-05,False
4698315,0.0,5,2020-09-06,True
4698310,0.0,5,2020-09-06,True
4698312,0.0,5,2020-09-06,True
4698309,0.0,5,2020-09-06,True
4698308,0.0,5,2020-09-06,True
4698316,0.0,5,2020-09-06,True
4698314,0.0,5,2020-09-06,True
4698313,0.0,5,2020-09-06,True
4698324,0.9679847036226942,5,2020-09-09,False
4698325,0.0,5,2020-09-09,False
4698326,0.7564370748017453,5,2020-09-09,False
4698319,0.0,5,2020-09-09,False
4698317,0.0,5,2020-09-10,False
4698320,0.0,5,2020-09-10,False
4698323,0.0,5,2020-09-10,False
4698321,0.0,5,2020-09-10,False
4698322,0.0,5,2020-09-10,False
4698334,0.0,5,2020-09-12,False
4698330,0.0,5,2020-09-12,False
4698327,0.0,5,2020-09-13,True
4698332,0.0,5,2020-09-13,True
4698331,0.0,5,2020-09-13,True
4698333,0.0,5,2020-09-13,True
4698335,0.0,5,2020-09-13,True
4698336,0.0,5,2020-09-13,True
4698329,0.0,5,2020-09-13,True
4698328,0.0,5,2020-09-13,True
4698345,0.0,5,2020-09-19,False
4698340,7.734374830491651,5,2020-09-19,False
4698346,0.0,5,2020-09-20,False
4698344,0.0,5,2020-09-20,False
4698342,0.0,5,2020-09-20,False
4698338,7.878613048497066,5,2020-09-20,False
4698343,0.0,5,2020-09-20,False
4698354,0.0,5,2020-09-26,False
4698352,0.0,5,2020-09-26,False
4698351,0.0,5,2020-09-27,True
4698348,0.0,5,2020-09-27,True
4698349,0.0,5,2020-09-27,True
4698356,0.0,5,2020-09-27,True
4698355,0.0,5,2020-09-27,True
4698350,0.0,5,2020-09-27,True
4786982,0.0,5,2020-10-01,False
4786983,0.0,5,2020-10-01,False
4698362,0.0,5,2020-10-03,False
4698359,0.0,5,2020-10-03,False
4698360,0.6946330577807703,5,2020-10-04,True
4698358,0.0,5,2020-10-04,True
4698364,0.0,5,2020-10-04,True
4698357,0.0,5,2020-10-04,True
4698363,0.0,5,2020-10-04,True
4698365,0.9416828303941904,5,2020-10-04,True
4698366,0.0,5,2020-10-04,True
4698361,0.0,5,2020-10-04,True
4698371,0.0,5,2020-10-07,False
4698373,0.0,5,2020-10-07,False
4698367,0.0,5,2020-10-07,False
4698372,0.0,5,2020-10-07,False
4698376,0.0,5,2020-10-07,False
4698369,0.0,5,2020-10-07,False
4698368,0.0,5,2020-10-08,False
4698375,0.0,5,2020-10-08,False
4698374,0.0,5,2020-10-08,False
4698378,0.0,5,2020-10-10,False
4698384,11.945474399469513,5,2020-10-10,False
4698379,0.0,5,2020-10-10,False
4698381,0.0,5,2020-10-11,True
4698377,0.0,5,2020-10-11,True
4698380,0.0,5,2020-10-11,True
4698386,0.0,5,2020-10-11,True
4698383,0.0,5,2020-10-11,True
4698385,0.0,5,2020-10-11,True
4698382,0.0,5,2020-10-11,True
4698389,0.0,5,2020-10-14,False
4893905,0.0,5,2020-10-14,False
4698390,0.0,5,2020-10-14,False
4698394,0.0,5,2020-10-15,False
4698391,0.0,5,2020-10-15,False
4698393,0.0,5,2020-10-15,False
4698387,0.0,5,2020-10-15,False
4396073,0.0,5,2020-10-17,False
4396071,0.0,5,2020-10-17,False
4396064,0.0,5,2020-10-17,False
4396066,0.0,5,2020-10-18,False
4396068,0.0,5,2020-10-18,False
4396069,0.0,5,2020-10-18,False
4396072,0.0,5,2020-10-18,False
4396067,0.0,5,2020-10-18,False
4396070,0.0,5,2020-10-19,False
4396065,0.0,5,2020-10-19,False
4396077,0.0,5,2020-10-24,False
4396082,0.0,5,2020-10-24,False
4396078,0.0,5,2020-10-25,False
4396083,0.0,5,2020-10-25,False
4396074,1.7991908119381106,5,2020-10-25,False
4396081,0.0,5,2020-10-25,False
4396079,0.0,5,2020-10-25,False
4396085,0.0,5,2020-10-31,False
4396088,0.0,5,2020-10-31,False
4396091,0.0,4,2020-10-31,False
4396092,0.0,5,2020-11-01,False
4396084,1.476837865929236,5,2020-11-01,False
4396090,0.0,5,2020-11-01,False
4396087,0.0,5,2020-11-01,False
4396093,0.0,5,2020-11-01,False
4396086,0.0,5,2020-11-02,False
4396089,0.0,5,2020-11-02,False
4396101,0.0,5,2020-11-07,False
4396096,0.0,5,2020-11-07,False
4396103,0.0,5,2020-11-08,True
4396099,0.0,5,2020-11-08,True
4396095,0.0,5,2020-11-08,True
4396098,0.0,5,2020-11-08,True
4396100,0.0,5,2020-11-08,True
4396097,0.0,5,2020-11-08,True
4396102,0.0,5,2020-11-08,True
4396094,0.0,5,2020-11-08,True
4396107,0.0,5,2020-11-14,False
4396110,0.0,5,2020-11-14,False
4396113,0.0,5,2020-11-14,False
4396108,0.0,5,2020-11-14,False
4396112,1.5782704361681867,5,2020-11-14,False
4396109,1.968496847752561,5,2020-11-14,False
4396104,0.0,5,2020-11-15,False
4396106,0.0,5,2020-11-15,False
4396111,0.0,5,2020-11-16,False
4396105,0.0,5,2020-11-16,False
4396121,0.0,5,2020-11-21,False
4396114,0.0,5,2020-11-21,False
4396123,0.0,5,2020-11-22,True
4396122,0.0,5,2020-11-22,True
4396116,0.0,5,2020-11-22,True
4396115,0.0,5,2020-11-22,True
4396119,0.0,5,2020-11-22,True
4396118,0.0,5,2020-11-22,True
4396128,0.0,5,2020-11-26,False
4396131,0.0,5,2020-11-26,False
4396132,0.0,5,2020-11-26,False
4396126,4.102420468767134,5,2020-11-28,False
4396127,0.0,5,2020-11-28,False
4396130,0.0,5,2020-11-28,False
4943789,0.0,5,2020-11-30,False
4396125,3.15081878827357,5,2020-11-30,False
4396124,0.0,5,2020-11-30,False
4396142,0.0,5,2020-12-03,False
4943793,0.0,5,2020-12-03,False
4396135,0.0,5,2020-12-05,False
4396137,0.0,5,2020-12-05,False
4396140,0.0,5,2020-12-05,False
4396134,2.8971936583511693,5,2020-12-05,False
4396141,0.0,5,2020-12-06,False
4396139,0.0,5,2020-12-06,False
4396136,0.0,5,2020-12-06,False
4396138,0.0,5,2020-12-06,False
4396151,0.0,5,2020-12-12,False
4396147,0.0,5,2020-12-12,False
4396149,1.722794292237258,5,2020-12-12,False
4396146,1.681606259966453,5,2020-12-12,False
4396152,0.0,5,2020-12-13,False
4396153,0.0,5,2020-12-13,False
4396144,4.007858654905986,5,2020-12-13,False
4396148,0.0,5,2020-12-13,False
4396150,0.0,5,2020-12-13,False
4396145,0.0,5,2020-12-13,False
4396163,0.0,5,2020-12-17,False
4396156,0.0,5,2020-12-17,False
4396161,0.0,5,2020-12-20,False
4396159,0.0,5,2020-12-20,False
4396157,0.0,5,2020-12-20,False
4396155,0.0,5,2020-12-20,False
4396154,1.269034071401809,5,2020-12-20,False
4396162,7.354162064351907,5,2020-12-20,False
4396168,0.0,5,2020-12-26,False
4396172,0.0,5,2020-12-26,False
4396173,0.0,5,2020-12-26,False
4396164,0.0,5,2020-12-27,False
4396170,0.0,5,2020-12-27,False
4396165,0.0,5,2020-12-27,False
4396171,0.0,5,2020-12-27,False
4396166,0.0,5,2020-12-27,False
4396167,0.0,5,2020-12-27,False
4396169,0.0,5,2020-12-27,False
4396175,0.0,5,2021-01-06,False
4396179,0.0,5,2021-01-06,False
4396181,0.0,5,2021-01-06,False
4396180,14.456156356770842,5,2021-01-06,False
4396174,0.0,5,2021-01-07,False
4396177,12.637591753100534,5,2021-01-07,False
4396182,0.0,5,2021-01-07,False
4396191,0.0,5,2021-01-09,False
4396190,0.0,5,2021-01-09,False
4396192,0.0,5,2021-01-10,True
4396184,0.0,5,2021-01-10,True
4396186,0.0,5,2021-01-10,True
4396193,0.0,5,2021-01-10,True
4396189,0.0,5,2021-01-10,True
4396185,0.0,5,2021-01-10,True
4396196,0.0,5,2021-01-16,False
4396194,0.0,5,2021-01-16,False
4396195,0.0,5,2021-01-17,False
4396201,0.0,5,2021-01-17,False
4396197,0.0,5,2021-01-17,False
4396198,0.0,5,2021-01-17,False
4396202,0.0,5,2021-01-17,False
4396199,0.0,5,2021-01-17,False
4396176,0.0,5,2021-01-18,False
4396203,0.0,5,2021-01-18,False
4396205,0.0,5,2021-01-20,False
4396210,0.0,5,2021-01-20,False
4396209,0.0,5,2021-01-20,False
4396211,0.0,5,2021-01-20,False
4396207,2.625634593275315,5,2021-01-21,False
4396206,0.0,5,2021-01-21,False
4396204,0.0,5,2021-01-21,False
4396212,0.0,5,2021-01-21,False
4396213,0.0,5,2021-01-21,False
4396215,0.0,5,2021-01-24,True
4396221,0.0,5,2021-01-24,True
4396222,0.0,5,2021-01-24,True
4396219,0.0,5,2021-01-24,True
4396223,0.0,5,2021-01-24,True
4396217,0.0,5,2021-01-24,True
4396220,0.0,5,2021-01-24,True
4396214,0.0,5,2021-01-24,True
4396178,0.0,5,2021-01-26,False
5042656,0.0,5,2021-01-26,False
4396200,0.0,5,2021-01-28,False
5044175,0.0,5,2021-01-28,False
4396225,0.0,5,2021-01-31,False
4396226,0.0,5,2021-01-31,False
4396227,0.0,5,2021-01-31,False
4396233,0.0,5,2021-01-31,False
4396230,0.0,5,2021-01-31,False
4396229,0.0,5,2021-01-31,False
4396224,0.0,5,2021-01-31,False
4396238,8.448460122814954,5,2021-02-03,False
4396240,0.0,5,2021-02-03,False
4396237,0.0,5,2021-02-04,False
4396239,0.0,5,2021-02-04,False
4396234,0.0,5,2021-02-04,False
4396235,0.0,5,2021-02-04,False
4396236,0.0,5,2021-02-05,False
4396243,0.0,5,2021-02-05,False
4396242,0.0,5,2021-02-05,False
4396247,0.0,5,2021-02-07,False
4396250,0.0,5,2021-02-07,False
4396248,0.0,5,2021-02-10,False
4396246,0.0,5,2021-02-10,False
4396251,0.0,5,2021-02-11,False
4396249,0.0,5,2021-02-11,False
4396253,0.0,5,2021-02-11,False
4396257,0.0,5,2021-02-13,False
4396259,0.0,5,2021-02-13,False
4396260,0.0,5,2021-02-13,False
4396263,0.0,5,2021-02-14,False
4396262,0.0,5,2021-02-14,False
4396255,0.0,5,2021-02-14,False
4396261,0.0,5,2021-02-14,False
4396258,0.0,5,2021-02-14,False
4396256,0.0,5,2021-02-15,False
4396254,0.0,5,2021-02-15,False
4396231,0.0,5,2021-02-17,False
4396245,0.0,5,2021-02-17,False
4396241,0.0,5,2021-02-20,False
4396265,0.0,5,2021-02-20,False
4396266,14.334103510996457,5,2021-02-21,False
4396269,0.0,5,2021-02-21,False
4396273,0.0,5,2021-02-21,False
4396264,0.0,5,2021-02-21,False
4396268,0.0,5,2021-02-21,False
4396270,0.0,5,2021-02-21,False
4396267,0.0,5,2021-02-21,False
4396271,0.0,5,2021-02-22,False
4396272,0.0,5,2021-02-22,False
4396275,0.0,5,2021-02-26,True
4396283,0.0,5,2021-02-26,True
4396278,0.0,5,2021-02-26,True
4396276,0.0,5,2021-02-26,True
4396274,0.0,5,2021-02-26,True
4396282,0.0,5,2021-02-26,True
4396277,0.0,5,2021-02-26,True
4396279,0.0,5,2021-02-26,True
4396280,0.0,5,2021-02-26,True
4396281,0.0,5,2021-02-26,True
5168206,0.0,5,2021-05-29,False
5168209,0.0,5,2021-05-29,False
5168213,0.0,5,2021-05-30,True
5168212,0.0,5,2021-05-30,True
5168210,0.0,5,2021-05-30,True
5168205,0.0,5,2021-05-30,True
5168208,0.0,5,2021-05-30,True
5168207,0.0,5,2021-05-30,True
5168214,0.0,5,2021-05-30,True
5168211,0.0,5,2021-05-30,True
5252328,0.0,5,2021-06-06,True
5252327,0.0,5,2021-06-06,True
5252329,0.0,5,2021-06-06,True
5252330,0.0,5,2021-06-06,True
5252331,0.0,5,2021-06-06,True
5252332,0.0,5,2021-06-06,True
5252333,0.0,5,2021-06-06,True
5252334,0.0,5,2021-06-06,True
5255654,0.0,5,2021-06-12,False
5255655,0.0,5,2021-06-12,False
5255638,0.0,5,2021-06-13,True
5255632,0.0,5,2021-06-13,True
5255636,0.0,5,2021-06-13,True
5255635,0.0,5,2021-06-13,True
5255628,0.0,5,2021-06-13,True
5255634,0.0,5,2021-06-13,True
5255637,0.0,5,2021-06-13,True
5255614,0.0,5,2021-06-16,False
5255613,0.0,5,2021-06-16,False
5255612,0.0,5,2021-06-16,False
5255610,0.0,5,2021-06-17,False
5255604,0.0,5,2021-06-17,False
5255607,0.0,5,2021-06-17,False
5255608,0.0,5,2021-06-17,False
5255611,0.0,5,2021-06-17,False
5255606,0.0,5,2021-06-17,False
5255588,0.0,5,2021-06-20,True
5255587,0.0,5,2021-06-20,True
5255586,0.0,5,2021-06-20,True
5255585,0.0,5,2021-06-20,True
5255584,0.0,5,2021-06-20,True
5255579,0.0,5,2021-06-20,True
5255605,0.0,5,2021-06-20,True
5255582,0.0,5,2021-06-20,True
5255555,0.0,5,2021-06-23,False
5255556,0.0,5,2021-06-23,False
5255557,0.0,5,2021-06-23,False
5255560,0.0,5,2021-06-23,False
5255561,0.0,5,2021-06-24,False
5255562,0.0,5,2021-06-24,False
5255563,0.0,5,2021-06-24,False
5255566,0.0,5,2021-06-24,False
5255559,0.0,5,2021-06-25,False
5255558,0.0,5,2021-06-25,False
5255552,0.0,5,2021-06-27,True
5255550,0.0,5,2021-06-27,True
5255548,0.0,5,2021-06-27,True
5255564,0.0,5,2021-06-27,True
5255553,0.0,5,2021-06-27,True
5255530,0.0,5,2021-06-27,True
5255549,0.0,5,2021-06-27,True
5255551,0.0,5,2021-06-27,True
5255531,0.0,5,2021-06-27,True
5255512,6.982015487024642,5,2021-06-30,False
5255510,0.0,5,2021-06-30,False
5255514,0.0,5,2021-06-30,False
5255513,0.0,5,2021-06-30,False
5255511,0.0,5,2021-06-30,False
5255504,0.0,5,2021-07-01,False
5255508,0.0,5,2021-07-01,False
5255507,0.0,5,2021-07-01,False
5255506,0.0,5,2021-07-01,False
5255505,0.0,5,2021-07-01,False
5255488,0.0,5,2021-07-03,False
5255515,0.0,5,2021-07-03,False
5255509,0.0,5,2021-07-04,True
5255489,0.0,5,2021-07-04,True
5255485,0.0,5,2021-07-04,True
5255487,0.0,5,2021-07-04,True
5255486,0.0,5,2021-07-04,True
5255483,0.0,5,2021-07-04,True
5255480,0.0,5,2021-07-04,True
5255484,0.0,5,2021-07-04,True
5255458,0.0,5,2021-07-07,False
5255464,0.0,5,2021-07-07,False
5255460,0.0,5,2021-07-07,False
5255459,0.0,5,2021-07-07,False
5255466,0.0,5,2021-07-07,False
5255457,0.0,5,2021-07-07,False
5255463,0.0,5,2021-07-08,False
5255462,0.0,5,2021-07-08,False
5255477,0.0,5,2021-07-10,False
5255440,0.0,5,2021-07-10,False
5255461,0.0,5,2021-07-10,False
5255467,0.0,5,2021-07-10,False
5255437,0.0,5,2021-07-10,False
5255439,0.0,5,2021-07-10,False
5255441,0.0,5,2021-07-11,False
5255469,0.0,5,2021-07-11,False
5255474,0.0,5,2021-07-11,False
5255478,0.0,5,2021-07-11,False
5255413,0.0,5,2021-07-17,False
5255418,0.0,5,2021-07-17,False
5255415,0.0,5,2021-07-17,False
5255416,0.0,5,2021-07-18,False
5255414,0.0,5,2021-07-18,False
5255407,0.0,5,2021-07-18,False
5255408,0.0,5,2021-07-18,False
5255417,0.0,5,2021-07-18,False
5255409,0.0,5,2021-07-18,False
5255389,0.0,5,2021-07-24,False
5255391,0.0,5,2021-07-24,False
5255385,0.0,5,2021-07-25,False
5255387,0.0,5,2021-07-25,False
5255388,0.0,5,2021-07-25,False
5255384,0.0,5,2021-07-25,False
5255392,0.0,5,2021-07-25,False
5255393,0.0,5,2021-07-25,False
5255390,0.0,5,2021-07-26,False
5255386,0.0,5,2021-07-26,False
5255360,0.0,5,2021-07-31,False
5255370,0.0,5,2021-07-31,False
5255366,0.0,5,2021-08-01,True
5255368,0.0,5,2021-08-01,True
5255359,0.0,5,2021-08-01,True
5255367,0.0,5,2021-08-01,True
5255364,0.0,5,2021-08-01,True
5255361,0.0,5,2021-08-01,True
5255365,0.0,5,2021-08-01,True
5255343,0.0,5,2021-08-08,False
5255319,0.0,5,2021-08-08,False
5255340,0.0,5,2021-08-08,False
5255320,0.0,5,2021-08-08,False
5255318,0.0,5,2021-08-08,False
5255344,0.0,5,2021-08-08,False
5255321,9.388225228735164,5,2021-08-08,False
5255291,0.0,5,2021-08-14,False
5255289,0.0,5,2021-08-14,False
5255298,0.0,5,2021-08-15,True
5255293,0.0,5,2021-08-15,True
5255295,0.0,5,2021-08-15,True
5255290,0.0,5,2021-08-15,True
5255294,0.0,5,2021-08-15,True
5255296,0.0,5,2021-08-15,True
5255297,0.0,5,2021-08-15,True
5255276,0.0,5,2021-08-21,False
5255270,0.0,5,2021-08-21,False
5255265,0.0,5,2021-08-22,False
5255268,0.0,5,2021-08-22,False
5255273,0.0,5,2021-08-22,False
5255272,0.0,5,2021-08-22,False
5255267,0.0,5,2021-08-22,False
5255266,0.0,5,2021-08-22,False
5255274,0.0,5,2021-08-23,False
5255271,0.0,5,2021-08-23,False
5255250,0.0,5,2021-08-28,False
5255249,0.0,5,2021-08-28,False
5255246,0.0,5,2021-08-29,False
5255248,0.0,5,2021-08-29,False
5255241,0.0,5,2021-08-29,False
5255247,0.0,5,2021-08-29,False
5255243,0.0,5,2021-08-29,False
5255244,0.0,5,2021-08-29,False
5255224,0.0,5,2021-09-05,False
5255216,0.0,5,2021-09-05,False
5255225,0.0,5,2021-09-05,False
5255223,0.0,5,2021-09-08,False
5255222,0.0,5,2021-09-08,False
5255217,0.0,5,2021-09-11,False
5255199,0.0,5,2021-09-11,False
5255226,0.0,5,2021-09-11,False
5255197,0.0,5,2021-09-12,False
5255203,0.0,5,2021-09-12,False
5255200,0.0,5,2021-09-12,False
5255198,0.0,5,2021-09-12,False
5255227,0.0,5,2021-09-12,False
5255201,0.0,5,2021-09-12,False
5255202,0.0,5,2021-09-18,False
5255195,0.0,5,2021-09-18,False
5255194,0.0,5,2021-09-18,False
5255193,0.0,5,2021-09-19,False
5255192,0.0,5,2021-09-19,False
5255172,0.0,5,2021-09-19,False
5255177,0.0,5,2021-09-19,False
5255196,0.0,5,2021-09-19,False
5255205,0.0,5,2021-09-19,False
5255154,0.0,5,2021-09-25,False
5255151,0.0,5,2021-09-25,False
5255142,0.0,5,2021-09-26,True
5255176,0.0,5,2021-09-26,True
5255150,0.0,5,2021-09-26,True
5255149,0.0,5,2021-09-26,True
5255148,0.0,5,2021-09-26,True
5255175,0.0,5,2021-09-26,True
5255146,0.0,5,2021-09-26,True
5255147,0.0,5,2021-09-26,True
5255123,0.0,5,2021-10-02,False
5255121,0.0,5,2021-10-02,False
5255126,0.0,5,2021-10-02,False
5255125,0.0,5,2021-10-03,False
5255124,0.0,5,2021-10-03,False
5255118,0.0,5,2021-10-03,False
5255119,0.0,5,2021-10-03,False
5255120,0.0,5,2021-10-03,False
5255139,0.0,5,2021-10-06,True
5255130,0.0,5,2021-10-06,True
5255141,0.0,5,2021-10-06,True
5255140,0.0,5,2021-10-06,True
5255136,0.0,5,2021-10-06,True
5255132,0.0,5,2021-10-06,True
5255122,0.0,5,2021-10-07,False
5255138,0.0,5,2021-10-07,False
5255137,0.0,5,2021-10-07,False
5255131,0.0,5,2021-10-07,False
5255103,0.0,5,2021-10-09,False
5255101,0.0,5,2021-10-09,False
5255095,0.0,5,2021-10-09,False
5255104,0.0,5,2021-10-09,False
5255100,0.0,5,2021-10-09,False
5255098,0.0,5,2021-10-10,False
5255097,0.0,5,2021-10-10,False
5255094,0.0,5,2021-10-10,False
5255096,0.0,5,2021-10-10,False
5255099,0.0,5,2021-10-13,False
5255105,0.0,5,2021-10-13,False
5255108,0.0,5,2021-10-13,False
5255079,0.0,5,2021-10-13,False
5255078,0.0,5,2021-10-13,False
5255109,0.0,5,2021-10-14,False
5255077,0.0,5,2021-10-14,False
5255080,0.0,5,2021-10-14,False
5255076,0.0,5,2021-10-14,False
5255071,0.0,5,2021-10-17,True
5255074,0.0,5,2021-10-17,True
5255093,0.0,5,2021-10-17,True
5255073,0.0,5,2021-10-17,True
5255072,0.0,5,2021-10-17,True
5255082,3.4798415894919374,5,2021-10-17,True
5255075,0.0,5,2021-10-17,True
5255048,0.0,5,2021-10-17,True
5255056,0.0,5,2021-10-23,False
5255057,0.0,5,2021-10-23,False
5255053,0.0,5,2021-10-23,False
5255054,0.0,5,2021-10-23,False
5255050,0.0,5,2021-10-24,False
5255055,0.0,5,2021-10-24,False
5255052,0.0,5,2021-10-24,False
5255051,0.0,5,2021-10-24,False
5616010,0.0,5,2021-10-27,False
5616788,0.0,5,2021-10-27,False
5255026,0.0,5,2021-10-30,False
5255030,0.0,5,2021-10-30,False
5255032,0.0,5,2021-10-30,False
5255025,0.0,5,2021-10-31,False
5255027,0.0,5,2021-10-31,False
5255031,0.0,5,2021-10-31,False
5255034,0.0,5,2021-10-31,False
5255033,0.0,5,2021-10-31,False
5255028,0.0,5,2021-11-02,False
5673363,0.0,5,2021-11-02,False
5673355,0.0,5,2021-11-06,False
5255002,0.0,5,2021-11-06,False
5255000,0.0,5,2021-11-06,False
5255001,0.0,5,2021-11-07,False
5255007,0.0,5,2021-11-07,False
5255005,0.0,5,2021-11-07,False
5254999,0.0,5,2021-11-07,False
5255006,0.0,5,2021-11-07,False
5255004,0.0,5,2021-11-07,False
5254983,0.0,5,2021-11-10,False
5254978,0.0,5,2021-11-10,False
5254979,0.0,5,2021-11-10,False
5254986,0.0,5,2021-11-10,False
5254985,0.0,5,2021-11-10,False
5254982,0.0,5,2021-11-11,False
5254984,0.0,5,2021-11-11,False
5254977,0.0,5,2021-11-11,False
5254981,0.0,5,2021-11-11,False
5254957,0.0,5,2021-11-13,False
5254961,0.0,5,2021-11-13,False
5254954,0.0,5,2021-11-13,False
5254959,0.0,5,2021-11-13,False
5254956,0.0,5,2021-11-14,False
5254963,0.0,5,2021-11-14,False
5254955,0.0,5,2021-11-14,False
5254958,0.0,5,2021-11-14,False
5254953,0.0,5,2021-11-14,False
5254965,0.0,5,2021-11-16,False
5254932,0.0,5,2021-11-16,False
5254962,0.0,5,2021-11-17,False
5254967,0.0,5,2021-11-17,False
5254935,0.0,5,2021-11-17,False
5254975,0.0,5,2021-11-17,False
5254937,0.0,5,2021-11-17,False
5254936,0.0,5,2021-11-17,False
5254927,0.0,5,2021-11-20,False
5254929,0.0,5,2021-11-20,False
5254939,0.0,5,2021-11-20,False
5254933,0.0,5,2021-11-21,False
5254940,0.0,5,2021-11-21,False
5254928,0.0,5,2021-11-21,False
5254938,0.0,5,2021-11-21,False
5254931,0.0,5,2021-11-21,False
5759926,0.0,5,2021-11-24,False
5254912,0.0,5,2021-11-24,False
5254909,0.0,5,2021-11-25,False
5254942,0.0,5,2021-11-25,False
5254913,0.0,5,2021-11-25,False
5254908,0.0,5,2021-11-25,False
5254883,0.0,5,2021-11-28,False
5254914,0.0,5,2021-11-28,False
5254888,0.0,5,2021-11-28,False
5254879,0.0,5,2021-11-28,False
5254911,0.0,5,2021-11-30,False
5254886,0.0,5,2021-11-30,False
5254951,0.0,5,2021-12-01,False
5254884,0.0,5,2021-12-01,False
5254960,0.0,5,2021-12-02,False
5254910,0.0,5,2021-12-02,False
5254906,0.0,5,2021-12-03,False
5785007,0.0,5,2021-12-03,False
5254915,0.0,5,2021-12-03,False
5254881,0.0,5,2021-12-05,False
5254880,0.0,5,2021-12-05,False
5254887,0.0,5,2021-12-05,False
5254891,0.0,5,2021-12-05,False
5254882,0.0,5,2021-12-06,False
5254903,0.0,5,2021-12-06,False
5254892,0.0,5,2021-12-06,False
5254896,0.0,5,2021-12-06,False
5254904,0.0,5,2021-12-06,False
5254902,0.0,5,2021-12-10,True
5254901,0.0,5,2021-12-10,True
5254893,0.0,5,2021-12-10,True
5254898,0.0,5,2021-12-10,True
5254897,0.0,5,2021-12-10,True
5254899,0.0,5,2021-12-10,True
5254895,0.0,5,2021-12-10,True
5254900,0.0,5,2021-12-10,True
5254894,0.0,5,2021-12-10,True
5254878,0.0,5,2021-12-10,True
5925519,0.0,5,2022-04-09,False
5925525,0.0,5,2022-04-09,False
5925521,0.0,5,2022-04-10,False
5925496,0.0,5,2022-04-10,False
5925518,0.0,5,2022-04-10,False
5925522,0.0,5,2022-04-10,False
5925524,0.0,5,2022-04-10,False
5925495,0.0,5,2022-04-10,False
5925520,0.0,5,2022-04-10,False
5925482,0.0,5,2022-04-16,False
5925497,0.0,5,2022-04-16,False
5925478,0.0,5,2022-04-16,False
5925483,0.0,5,2022-04-17,False
5925479,0.0,5,2022-04-17,False
5925476,0.0,5,2022-04-17,False
5925484,0.0,5,2022-04-17,False
5925480,0.0,5,2022-04-17,False
5925477,0.0,5,2022-04-17,False
5925481,0.0,5,2022-04-17,False
5925469,0.0,5,2022-04-23,False
5925462,0.0,5,2022-04-23,False
5925461,0.0,5,2022-04-23,False
5925463,0.0,5,2022-04-23,False
5925460,0.0,5,2022-04-24,False
5925464,0.0,5,2022-04-24,False
5925465,0.0,5,2022-04-24,False
5925467,0.0,5,2022-04-24,False
5925442,0.0,5,2022-04-30,False
5925448,0.0,5,2022-04-30,False
5925449,0.0,5,2022-04-30,False
5925450,0.0,5,2022-04-30,False
5925446,0.0,5,2022-05-01,False
5925445,0.0,5,2022-05-01,False
5925451,0.0,5,2022-05-01,False
5925447,0.0,5,2022-05-01,False
5925406,0.0,5,2022-05-07,False
5925415,0.0,5,2022-05-07,False
5925407,0.0,5,2022-05-08,True
5925413,0.0,5,2022-05-08,True
5925409,0.0,5,2022-05-08,True
5925408,0.0,5,2022-05-08,True
5925410,0.0,5,2022-05-08,True
5925412,0.0,5,2022-05-08,True
5925411,0.0,5,2022-05-08,True
5925401,0.0,5,2022-05-14,False
5925398,0.0,5,2022-05-14,False
5925395,0.0,5,2022-05-14,False
5925400,0.0,5,2022-05-14,False
5925396,0.0,5,2022-05-15,False
5925397,0.0,5,2022-05-15,False
5925404,0.0,5,2022-05-15,False
5925403,0.0,5,2022-05-15,False
5925399,0.0,5,2022-05-15,False
5925402,0.0,5,2022-05-15,False
5925385,0.0,5,2022-05-21,False
5925379,0.0,5,2022-05-21,False
5925382,0.0,5,2022-05-21,False
5925383,0.0,5,2022-05-21,False
5925378,0.0,5,2022-05-22,False
5925363,0.0,5,2022-05-22,False
5925381,0.0,5,2022-05-22,False
5925384,0.0,5,2022-05-22,False
5925364,0.0,5,2022-05-22,False
5925353,0.0,5,2022-05-28,False
5925367,0.0,5,2022-05-28,False
5925352,0.0,5,2022-05-28,False
5925355,0.0,5,2022-05-29,False
5925350,0.0,5,2022-05-29,False
5925349,0.0,5,2022-05-29,False
5925354,0.0,5,2022-05-29,False
5925366,0.0,5,2022-05-29,False
5925365,0.0,5,2022-05-29,False
5925328,0.0,5,2022-06-04,False
5925337,0.0,5,2022-06-04,False
5925336,0.0,5,2022-06-04,False
5925334,0.0,5,2022-06-04,False
5925335,0.0,5,2022-06-04,False
5925333,0.0,5,2022-06-05,False
5925329,0.0,5,2022-06-05,False
5925331,0.0,5,2022-06-05,False
5925330,0.0,5,2022-06-05,False
5925321,0.0,5,2022-06-08,False
5925313,0.0,5,2022-06-08,False
5925318,0.0,5,2022-06-08,False
5925320,0.0,5,2022-06-08,False
5925315,0.0,5,2022-06-08,False
5925314,0.0,5,2022-06-09,False
5925317,0.0,5,2022-06-09,False
5925316,0.0,5,2022-06-09,False
5925322,0.0,5,2022-06-09,False
5925319,0.0,5,2022-06-09,False
5925291,0.0,5,2022-06-11,False
5925323,0.0,5,2022-06-11,False
5925296,0.0,5,2022-06-11,False
5925324,0.0,5,2022-06-11,False
5925293,0.0,5,2022-06-12,False
5925295,0.0,5,2022-06-12,False
5925325,0.0,5,2022-06-12,False
5925297,0.0,5,2022-06-12,False
5925294,0.0,5,2022-06-12,False
5925280,0.0,5,2022-06-15,False
5925281,0.0,5,2022-06-15,False
5925277,0.0,5,2022-06-15,False
5925276,0.0,5,2022-06-15,False
5925282,0.0,5,2022-06-15,False
5925275,0.0,5,2022-06-16,False
5925284,0.0,5,2022-06-16,False
5925279,0.0,5,2022-06-16,False
5925278,0.0,5,2022-06-16,False
5925283,0.0,5,2022-06-16,False
5925259,0.0,5,2022-06-19,True
5925285,0.0,5,2022-06-19,True
5925258,0.0,5,2022-06-19,True
5925264,0.0,5,2022-06-19,True
5925262,0.0,5,2022-06-19,True
5925261,0.0,5,2022-06-19,True
5925260,0.0,5,2022-06-19,True
5925256,0.0,5,2022-06-19,True
5925242,0.0,5,2022-06-25,False
5925246,0.0,5,2022-06-25,False
5925240,0.0,5,2022-06-25,False
5925238,0.0,5,2022-06-25,False
5925237,0.0,5,2022-06-26,False
5925245,0.0,5,2022-06-26,False
5925241,0.0,5,2022-06-26,False
5925243,0.0,5,2022-06-26,False
5925244,0.0,5,2022-06-26,False
5925239,0.0,5,2022-06-26,False
5925221,0.0,5,2022-07-02,False
5925225,0.0,5,2022-07-02,False
5925226,0.0,5,2022-07-02,False
5925224,0.0,5,2022-07-02,False
5925223,0.0,5,2022-07-03,False
5925228,0.0,5,2022-07-03,False
5925227,0.0,5,2022-07-03,False
5925220,0.0,5,2022-07-03,False
5925229,0.0,5,2022-07-03,False
5925201,0.0,5,2022-07-09,False
5925200,0.0,5,2022-07-09,False
5925186,0.0,5,2022-07-09,False
5925188,0.0,5,2022-07-10,False
5925202,0.0,5,2022-07-10,False
5925199,0.0,5,2022-07-10,False
5925205,0.0,5,2022-07-10,False
5925203,0.0,5,2022-07-10,False
5925187,0.0,5,2022-07-10,False
5925198,0.0,5,2022-07-16,False
5925197,0.0,5,2022-07-16,False
5925190,0.0,5,2022-07-16,False
5925195,0.0,5,2022-07-17,False
5925194,0.0,5,2022-07-17,False
5925191,0.0,5,2022-07-17,False
5925196,0.0,5,2022-07-17,False
5925193,0.0,5,2022-07-17,False
5925189,0.0,5,2022-07-17,False
5925173,0.0,5,2022-07-20,False
5925174,0.0,5,2022-07-20,False
5925169,0.0,5,2022-07-20,False
5925150,0.0,5,2022-07-20,False
5925168,0.0,5,2022-07-20,False
5925172,0.0,5,2022-07-20,False
5925170,0.0,5,2022-07-21,False
5925171,0.0,5,2022-07-21,False
5925175,0.0,5,2022-07-21,False
5925167,0.0,5,2022-07-21,False
5925155,0.0,5,2022-07-24,True
5925133,0.0,5,2022-07-24,True
5925152,0.0,5,2022-07-24,True
5925156,0.0,5,2022-07-24,True
5925154,0.0,5,2022-07-24,True
5925132,0.0,5,2022-07-24,True
5925151,0.0,5,2022-07-24,True
5925131,0.0,5,2022-07-24,True
5925122,0.0,5,2022-07-30,False
5925123,0.0,5,2022-07-30,False
5925118,0.0,5,2022-07-30,False
5925116,0.0,5,2022-07-30,False
5925097,0.0,5,2022-07-31,False
5925120,0.0,5,2022-07-31,False
5925115,0.0,5,2022-07-31,False
5925124,0.0,5,2022-07-31,False
5925117,0.0,5,2022-07-31,False
5925103,0.0,5,2022-08-06,False
5925104,0.0,5,2022-08-06,False
5925080,0.0,5,2022-08-06,False
5925082,0.0,5,2022-08-06,False
5925101,0.0,5,2022-08-06,False
5925099,0.0,5,2022-08-07,False
5925102,0.0,5,2022-08-07,False
5925079,0.0,5,2022-08-07,False
5925098,0.0,5,2022-08-07,False
5925063,0.0,5,2022-08-13,False
5925058,0.0,5,2022-08-13,False
5925065,0.0,5,2022-08-13,False
5925059,0.0,5,2022-08-14,True
5925066,0.0,5,2022-08-14,True
5925062,0.0,5,2022-08-14,True
5925056,0.0,5,2022-08-14,True
5925057,0.0,5,2022-08-14,True
5925084,0.0,5,2022-08-14,True
5925061,0.0,5,2022-08-14,True
5925036,0.0,5,2022-08-20,False
5925037,0.0,5,2022-08-20,False
5925043,0.0,5,2022-08-21,False
5925041,0.0,5,2022-08-21,False
5925025,0.0,5,2022-08-21,False
5925045,0.0,5,2022-08-21,False
5925044,0.0,5,2022-08-21,False
5925040,0.0,5,2022-08-21,False
5925042,0.0,5,2022-08-21,False
5925013,0.0,5,2022-08-27,False
5925011,0.0,5,2022-08-27,False
5925005,0.0,5,2022-08-27,False
5925010,0.0,5,2022-08-28,False
5925004,0.0,5,2022-08-28,False
5925006,0.0,5,2022-08-28,False
5925008,0.0,5,2022-08-28,False
5925012,0.0,5,2022-08-28,False
5924989,0.0,5,2022-09-03,False
5924993,0.0,5,2022-09-03,False
5924986,0.0,5,2022-09-03,False
5924984,0.0,5,2022-09-03,False
5924985,0.0,5,2022-09-04,False
5924987,0.0,5,2022-09-04,False
5924990,0.0,5,2022-09-04,False
5924991,0.0,5,2022-09-04,False
5924992,0.0,5,2022-09-04,False
5924946,0.0,5,2022-09-10,False
5924945,0.0,5,2022-09-10,False
5924970,0.0,5,2022-09-10,False
5924972,0.0,5,2022-09-11,False
5924948,0.0,5,2022-09-11,False
5924973,0.0,5,2022-09-11,False
5924949,0.0,5,2022-09-11,False
5924971,0.0,5,2022-09-11,False
5924947,0.0,5,2022-09-11,False
5924958,0.0,5,2022-09-17,False
5924954,0.0,5,2022-09-17,False
5924952,0.0,5,2022-09-18,True
5924956,0.0,5,2022-09-18,True
5924951,0.0,5,2022-09-18,True
5924950,0.0,5,2022-09-18,True
5924955,0.0,5,2022-09-18,True
5924953,0.0,5,2022-09-18,True
5924922,0.0,5,2022-09-18,True
5924900,0.0,5,2022-09-28,False
5924899,0.0,5,2022-09-28,False
5924905,0.0,5,2022-09-28,False
5924924,0.0,5,2022-09-28,False
5924902,0.0,5,2022-09-28,False
5924904,0.0,5,2022-09-29,False
5924923,0.0,5,2022-09-29,False
5924903,0.0,5,2022-09-29,False
5924901,0.0,5,2022-09-29,False
5924906,0.0,5,2022-10-01,False
5924912,0.0,5,2022-10-01,False
5924911,0.0,5,2022-10-01,False
5924915,0.0,5,2022-10-01,False
5924914,0.0,5,2022-10-01,False
5924907,0.0,5,2022-10-01,False
5924913,0.0,5,2022-10-01,False
5924921,0.0,5,2022-10-05,False
5924878,0.0,5,2022-10-05,False
5924877,0.0,5,2022-10-05,False
5924918,0.0,5,2022-10-05,False
5924880,0.0,5,2022-10-05,False
5924917,0.0,5,2022-10-06,False
5924920,0.0,5,2022-10-06,False
5924919,0.0,5,2022-10-06,False
5924916,0.0,5,2022-10-06,False
5924879,0.0,5,2022-10-06,False
5924884,0.0,5,2022-10-09,True
5924886,0.0,5,2022-10-09,True
5924887,0.0,5,2022-10-09,True
5924883,0.0,5,2022-10-09,True
5924881,0.0,5,2022-10-09,True
5924890,0.0,5,2022-10-09,True
5924882,0.0,5,2022-10-09,True
5924888,0.0,5,2022-10-10,False
6869837,0.0,5,2022-10-10,False
5924852,0.0,5,2022-10-15,False
5924853,0.0,5,2022-10-15,False
5924858,0.0,5,2022-10-16,False
5924855,0.0,5,2022-10-16,False
5924856,0.0,5,2022-10-16,False
5924857,0.0,5,2022-10-16,False
5924861,0.0,5,2022-10-16,False
5924860,0.0,5,2022-10-16,False
5924831,0.0,5,2022-10-22,False
5924829,0.0,5,2022-10-22,False
5924833,0.0,5,2022-10-22,False
5924832,0.0,5,2022-10-23,False
5924830,0.0,5,2022-10-23,False
5924834,0.0,5,2022-10-23,False
5924836,0.0,5,2022-10-23,False
5924838,0.0,5,2022-10-23,False
5924837,0.0,5,2022-10-23,False
5924782,0.0,5,2022-10-26,False
5924807,0.0,5,2022-10-26,False
5924810,0.0,5,2022-10-26,False
5924809,0.0,5,2022-10-27,False
5924813,0.0,5,2022-10-27,False
5924811,0.0,5,2022-10-27,False
5924812,0.0,5,2022-10-27,False
5924808,0.0,5,2022-10-27,False
5924806,0.0,5,2022-10-27,False
5924781,0.0,5,2022-10-27,False
5924785,0.0,5,2022-11-02,False
5924783,0.0,5,2022-11-02,False
5924792,0.0,5,2022-11-02,False
5924790,0.0,5,2022-11-02,False
5924791,0.0,5,2022-11-02,False
5924788,0.0,5,2022-11-02,False
5924784,0.0,5,2022-11-03,False
5924786,0.0,5,2022-11-03,False
5924794,0.0,5,2022-11-05,False
5924797,0.0,5,2022-11-05,False
5924800,0.0,5,2022-11-05,False
5924795,0.0,5,2022-11-05,False
5924796,0.0,5,2022-11-05,False
5924798,0.0,5,2022-11-06,False
5924802,0.0,5,2022-11-06,False
5924799,0.0,5,2022-11-06,False
5924801,0.0,5,2022-11-06,False
5924762,0.0,5,2022-11-09,False
5924768,0.0,5,2022-11-09,False
5924769,0.0,5,2022-11-09,False
5924761,0.0,5,2022-11-09,False
5924766,0.0,5,2022-11-09,False
5924767,0.0,5,2022-11-10,False
5924765,0.0,5,2022-11-10,False
5924763,0.0,5,2022-11-10,False
5924760,0.0,5,2022-11-10,False
5924764,0.0,5,2022-11-10,False
5924770,0.0,5,2022-11-13,True
5924759,0.0,5,2022-11-13,True
5924756,0.0,5,2022-11-13,True
5924773,0.0,5,2022-11-13,True
5924758,0.0,5,2022-11-13,True
5924757,0.0,5,2022-11-13,True
5924755,0.0,5,2022-11-13,True
5924772,0.0,5,2022-11-13,True
5924754,0.0,5,2022-11-13,True
